category,type,value,comment,to_ids,date,object_relation,attribute_tag,object_uuid,object_name,object_meta_category
External analysis,vulnerability,CVE-2018-0802,Merged from event 64105,0,1604250324,,,,,
External analysis,vulnerability,CVE-2017-11882,Merged from event 63202,0,1604250714,,,,,
Network activity,url,http://soundvista.club/sessionrequest,Qi'anxin Threat Intelligence Center,1,1604248516,,"APT-C-35,DONOT",,,
Network activity,url,http://soundvista.club:443/sessionrequest,Qi'anxin Threat Intelligence Center,1,1604248516,,"APT-C-35,DONOT",,,
Network activity,url,http://plug.msplugin.icu/MicrosoftSecurityScan/DOCSDOC,Merged from event 64105,1,1604250324,,,,,
Network activity,url,https://mystrylust.pw/confirm.php,Merged from event 64105,1,1604250324,,,,,
Network activity,url,http://docs.google.com/uc?id=1wUaESzjGT2fSuP_hOJMpqidyzqwu15sz&export=download,Merged from event 64105,1,1604250324,,,,,
External analysis,url,https://mp.weixin.qq.com/s/3Pa3hiuZyQBspDzH0kGSHw,Qi'anxin Threat Intelligence Center,0,1604250993,,,,,
Network activity,url,https://n9cl.xyz,,1,1604252571,,,,,
Network activity,url,https://apkfreeware.xyz,,1,1604252571,,,,,
Network activity,url,https://iilili.weebly.com,,1,1604252571,,,,,
Network activity,url,https://rapidchat.live,,1,1604252571,,,,,
Network activity,url,https://webchat.life,,1,1604252571,,,,,
Network activity,url,https://appme.xyz/b3354,,1,1604254363,,,,,
Network activity,url,https://cuttly.info/download.php?filecode=ilzuw0zta6sioncvl1k7vi5fj,,1,1604254363,,,,,
Network activity,url,https://apkv2.qwertykeypad.host/download.php?filecode=jwlom22g5lcg9pkgj5s0l9hzr,,1,1604254363,,,,,
Network activity,url,https://bulk.fun/hG,,1,1604254363,,,,,
Network activity,url,https://apkv2.qwertykeypad.host/download.php?filecode=3j5hui1mx5z2u8d9n5kbmedp9,,1,1604254363,,,,,
Network activity,url,https://apkv8.trendzs.club/download.php?filecode=fflokfi4qecxsm1p6rx71qw5n,,1,1604254363,,,,,
Network activity,url,https://cuttly.info/download.php?filecode=2jk10nzqriw40s41odsldvwny,,1,1604254363,,,,,
Network activity,url,https://apkfreeware.xyz/download.php?filecode=tmpfalbbfjkzuedg8jw3hzn40,,1,1604254364,,,,,
Network activity,url,https://n9cl.xyz/uc,,1,1604254364,,,,,
Network activity,url,https://apkv2.qwertykeypad.host/download.php?filecode=sdk6jda2z6z0cdkg7yl7p6zv2,,1,1604254364,,,,,
Network activity,url,httpps://apkv8.trendzs.club/download.php?filecode=fflokfi4qecxsm1p6rx71qw5n,,1,1604305961,,,,,
Network activity,url,https://iilili.weebly.com/uploads/1/2/0/9/120943995/vcallnchat-24.5.18-aligned-signed.apk,,1,1604306203,,"Android Malware,cert-ist:threat_targeted_system=""Android""",,,
Payload delivery,sha256,b4c112d402c2555bea91d5c03763cfed87aa0fb0122558554c9a3bc7ac345990,,1,1604247751,,,,,
Payload delivery,sha256,69f257092947e003465f24b9b0b44d489e798bd5b8cf51f7e84bc161937b2e7c,,1,1604247751,,,,,
Payload delivery,sha256,a5cfb2de4ca0f27b012cb9ae56ceacc2351c9b9f16418406edee5e45d1834650,,1,1604247751,,,,,
Payload delivery,sha256,d0a597a24f9951a5d2e7cc71702d01f63ff2b914a9585dbab5a77c69af5d60b5,,1,1604247751,,,,,
Payload delivery,sha256,e7a24751bc009bbd917df71fd4815d1483f52669e8791c95de2f44871c36f7f4,,1,1604247751,,,,,
Payload delivery,sha256,86194d9cb948d61da919e238c48a01694c92836a89c6108730f5684129830541,,1,1604247751,,,,,
Payload delivery,sha256,8770515a5e974a59f023c4c71b0c772299578f1e386f60f9dd203b64e2e2d92e,,1,1604247751,,,,,
Payload delivery,sha256,a074aa746a420a79a38e27b766d122e8340f81221fe011f644d84ff9b511f29a,,1,1604247751,,,,,
Payload delivery,sha256,3d3f61d5406149fd8f2c018fbc842ccef2f645fc22f4e5702368131c1bd4e560,,1,1604247751,,,,,
Payload delivery,sha256,3d40fdc4dc550394884f0b4e38aa8a448f91f8e935c1b51fedc4b71394fa2366,,1,1604247751,,,,,
Payload delivery,sha256,83d174c65f1c301164683c163dab3ea79d56caeda1a4379a5a055723e1cb9d00,,1,1604247751,,,,,
Payload delivery,sha256,0c2494c03f07f891c67bb31390c12c84b0bb5eea132821c0873db7a87f27ccef,,1,1604247751,,,,,
Payload delivery,sha256,b583ae22c9022fb71b06ec1bae58d0d40338432b47d5733bf550972c5cb627c4,,1,1604247751,,,,,
Payload delivery,sha256,c4971a65af3693896fdbb02f460848b354251b28067873c043366593b8dbc6f9,,1,1604247751,,,,,
Payload delivery,sha256,fa85813a90a2d0b3fc5708df2156381fdb168919b57e32f81249f8812b20e00a,,1,1604247751,,,,,
Payload delivery,sha256,fde7ca904d9ae72ea7e242ee31f7fbaee963937341ca2863d483300828a4c6e0,,1,1604247751,,,,,
Payload delivery,sha256,192f699e6ce2cccb2c78397392f4d85566892d9c8cf7de1175feb4d58f97d815,,1,1604247751,,,,,
Payload delivery,sha256,e8605854c8730d2e80d8a5edd8bc83eb7c397a700255754ec9140b9717f7d467,,1,1604247751,,,,,
Payload delivery,sha256,2481f133dd3594cbf18859b72faa391a4b34fd5b4261b26383242c756489bf07,,1,1604247751,,,,,
Payload delivery,sha256,36eb4d0e5f2435e6a01d10ac9e0b362e49de990ac841ba536f63d5be76e99794,,1,1604250287,,"DONOT,APT-C-35",,,
Payload delivery,sha256,d2263c15dfcccfef16ecf1c1c9304064befddf49cdbbd40abd12513481d7faf7,,1,1604250287,,"DONOT,APT-C-35",,,
Payload delivery,sha256,01d85719c5fec354431881f304307bb5521ecf6cb50eec4d3ec40d103dd3d3ae,,1,1604250287,,"DONOT,APT-C-35",,,
Payload delivery,sha256,17e3a134ee4bcb50a9f608409853628ac619fd24cffd8d15868cf96ce63bb775,,1,1604250287,,"DONOT,APT-C-35",,,
Payload delivery,sha256,6b5d8a52ca5c9e90339c6c0f574dd5f6c4aaa63c88cf974d8caf6e3690259c14,,1,1604250287,,"DONOT,APT-C-35",,,
Payload delivery,sha256,557cdd4332765a5d223693f5c1e605bae17464919fd57f9a62a86e33cb07be7e,,1,1604250287,,"DONOT,APT-C-35",,,
Payload delivery,sha256,5a19a1df087e0cc12e554b04dc383fb50b7c4a926ac34611acb43ab3cc4404e9,,1,1604250287,,"DONOT,APT-C-35",,,
Payload delivery,sha256,51dfa1d8c62598b0d03f77faa57887dcdeb0075216c35f5018609fbcb82c8672,,1,1604250287,,"DONOT,APT-C-35",,,
Payload delivery,sha256,9a3061631ff634d8f573b36c885e41f8d4508c53f372c858b8b484b1f928b49f,,1,1604250287,,"DONOT,APT-C-35",,,
Payload delivery,sha256,bb5d713e81f782fc1bbd636eb97689e2010e71f4219ef80b90d979a6045b345a,,1,1604250287,,"DONOT,APT-C-35",,,
Payload delivery,sha256,894bd1b82b451fd08d8ac3a3d4e8e248bbc1c153c557aebdfeaa7e1ffafef4d6,,1,1604250287,,"DONOT,APT-C-35",,,
Payload delivery,sha256,ecbaac40bd504defe4f5eaba468e53de10e99f4dca5d05790d26e3ee4e5ce37f,,1,1604250287,,"DONOT,APT-C-35",,,
Payload delivery,sha256,6584b9e3849142d9c479ca58a0098636b556220e76b1ae1376f56dbdb80feb56,,1,1604250288,,"DONOT,APT-C-35",,,
Payload delivery,sha256,bc362886422771ee4059284095c49da865ffaf73d2dbb1de3cf5f2ace568617d,,1,1604250288,,"DONOT,APT-C-35",,,
Payload delivery,sha256,b64691a3fff3b17eb1a169180f470bf1ea36c7793fe36e93ba8aad55fe4a5a83,,1,1604250288,,"DONOT,APT-C-35",,,
Payload delivery,sha256,746b2a03a6413f97b66fc96c3e12204488f13f0c4b2255bee427b54291a9a639,,1,1604250288,,"DONOT,APT-C-35",,,
Payload delivery,sha256,ddc7d7cdc8ceb6a9c5cc776ccd7916cd4c16612aa54c5e0a9827303c6ab38eef,,1,1604250288,,"DONOT,APT-C-35",,,
Payload delivery,sha256,ed4a1c94b4e3b813ac352446aded7a7bbe1698cba436451a7d54b0bc55bf5b52,,1,1604250288,,"DONOT,APT-C-35",,,
Payload delivery,sha256,322f48a07af27b22f9cd29f14abe390349262ac9db901759b03553fe0d71446e,,1,1604250288,,"DONOT,APT-C-35",,,
Payload delivery,sha256,c0a23116c1c7ced59ff8eae5ee96a48d436dd2e5b435a291003889d2ed9489e1,,1,1604250288,,"DONOT,APT-C-35",,,
Payload delivery,sha256,0ed911e6d672e8a830d13b2f62a06a74dd7bfff82a31cc8a5c169f2689c4255b,,1,1604250288,,"DONOT,APT-C-35",,,
Payload delivery,sha256,365b35cff4e0314c6fa2bb5cd66d6040efba93b5857d5536bd6fea4d871afe33,,1,1604250288,,"DONOT,APT-C-35",,,
Payload delivery,sha256,cea33a195f791bb5db28d53b3a81dd407e107aa33a913475d07080df6167e7c6,,1,1604250288,,"DONOT,APT-C-35",,,
Payload delivery,sha256,f345c969b58aeda8e78743db529f3a0ff81ba227880bd90d46e47bf9a37b932b,,1,1604250288,,"DONOT,APT-C-35",,,
Payload delivery,sha256,49ca62e908efcd39baa14efa31ca883b06dca28dc703eed8efb16a06146c7dc5,Merged from event 63202,1,1604250714,,,,,
Payload delivery,sha256,7e3a53f4c356a5483a114a0323fc7c26962dd2d296763b99e3e2c9103bc63ce2,Merged from event 63202,1,1604250714,,,,,
Payload delivery,sha256,a48fa4714aa7174249d6a4e3333654a84f9150c8d7957db7137716f77b3d449e,Merged from event 63202,1,1604250714,,,,,
Payload delivery,sha256,abdb94cb27ac6d545cc0b92567080f31acf812145bb44a287759339b2c096963,Merged from event 63202,1,1604250714,,,,,
Payload delivery,sha256,b73d1c6ccb24cf3137e5f572c04d220cff7bbac20419dcad09950bb0badc10b8,Merged from event 63202,1,1604250714,,,,,
Payload delivery,sha256,313be72ce037a8086a99d367759613016dad6f72f3d9d9fc790de6f5c004021d,Merged from event 63202,1,1604250714,,,,,
Payload delivery,sha256,b66612dafa345608725c99a094112fcc8c3d25f843ca350839675e30bc90e8cb,Merged from event 63202,1,1604250714,,,,,
Payload delivery,sha256,e39e1d080f7409f4dc22f3fc040a309519103bd4fdbf74d5dd67d4a916a58bc7,Merged from event 67433,1,1604250755,,tlp:white,,,
Payload delivery,sha256,1bef562e8ad9ea0b64b237de9513387bb87a6370f4df8027dbb96163506275fb,Merged from event 67433,1,1604250755,,tlp:white,,,
Payload delivery,sha256,6e4b7d405ab1ad163119355e28d1d385b2b9c45d114dca7e819849d3057afa33,Merged from event 67433,1,1604250755,,tlp:white,,,
Payload delivery,sha256,573fced8e1da77ccf56fb9d4c9aef358e722a08ff824d852fc76e04e952ffece,Merged from event 67433,1,1604250755,,tlp:white,,,
Payload delivery,sha256,7ca194aad9f09267295ab1965fbabb43b99ba618ffdcb94ec87e67d6844d28ab,Merged from event 67433,1,1604250755,,tlp:white,,,
Payload delivery,sha256,7703c3385894dd3468c468745c747bf5c75f37a9b1fcaf2a1d0f291ecb7abce6,Merged from event 67433,1,1604250755,,tlp:white,,,
Payload delivery,sha256,70f4fd189e0d6c3f01960be5596ceaa5cbcdca659272532d2929a48595b3557f,Merged from event 67433,1,1604250755,,tlp:white,,,
Payload delivery,sha256,9ce56e1403469fc74c8ff61dde4e83ad72597c66ce07bbae12fa70183687b32d,By Netscout  ASERT Team,1,1604252205,,"DONOT,APT-C35",,,
Payload delivery,sha256,8d7eb0b7251bc4a40ebc9142a59ed8af16fb11cf8168e76dca48a78d6d7e4595,By Netscout  ASERT Team,1,1604252205,,"DONOT,APT-C35",,,
Payload delivery,sha256,6bbd10ac20782542f40f78471c30c52f0619b91639840e60831dd665f9396365,By Netscout  ASERT Team,1,1604252205,,"DONOT,APT-C35",,,
Payload delivery,sha256,a2e9d9a00e7e75ab1d5e96dd327a89b55608a0319461f2866aadada5bd50e728,By Netscout  ASERT Team,1,1604252205,,"DONOT,APT-C35",,,
Payload delivery,sha256,e3fb0ab2f3d11f12c11b3ee1e1781eaec5581def820afe7e01902f31ba9e1936,By Netscout  ASERT Team,1,1604252205,,"DONOT,APT-C35",,,
Payload delivery,sha256,4d0114b1292714a13d43a4c0de3ea4498fa752354ad4f5b73a8ba441af6064ae,By Netscout  ASERT Team,1,1604252205,,"DONOT,APT-C35",,,
Payload delivery,sha256,600e7cfeea0ef8bd23cf95602a6b873898aa51848909aad1a7e8d4c5403797af,By Netscout  ASERT Team,1,1604252206,,"DONOT,APT-C35",,,
Payload delivery,sha256,7d893d4f077e8e76a44a7830c5c3806dc956a6ef1a06c9f2dc33477c70f8cc9b,By Netscout  ASERT Team,1,1604252206,,"DONOT,APT-C35",,,
Payload delivery,sha256,50281cdd1b22f2b85de5809bf69ebd10e399410f519e357c1cb941c5dc7c95e1,By Netscout  ASERT Team,1,1604252206,,"DONOT,APT-C35",,,
Payload delivery,sha256,980e02eca1d0fc68c903f16619b926f3e8238b3be00825b3aa47721405eb9a4d,,1,1604254364,,,,,
Payload delivery,sha256,5f7f91f4bf4fe56e8d6ff95376039e77f93f62b8bf5c4c7020b70706a9543549,,1,1604254364,,,,,
Payload delivery,sha256,0000ed13a35580c9aa6f0477fc72f780ec2a4c431e9689cfb6ba0ebf6af0c9b2,,1,1604254364,,,,,
Payload delivery,sha256,9faa04db69f6e1e2b7208aa6faf080acf45d3e1b4d17af041030757f81bdff39,,1,1604254364,,,,,
Payload delivery,sha256,b7b15a9f0c623d2aa908d778c16ea70a8676dc68505ee7acb7d48d6dcd4202a0,,1,1604254364,,,,,
Payload delivery,sha256,9d8a6cbd2c59b05a0fc3234865cba47cb199157f39893c1ba45e95827ee3ef30,,1,1604254364,,,,,
Payload delivery,sha256,bb4ff349e1ddb07bdd65f5ed8b67d4454492cf1692068ea212275cacbf74a772,,1,1604254364,,,,,
Payload delivery,sha256,920f18c5ffb59856deccf2d984ab07793fefeea9a5a45d1e8a94a57da9d2347c,,1,1604254364,,,,,
Payload delivery,sha256,0efaeb17f3febb68b3a14236aa1f231158a1690872914a0a2eb7c48c49fbd27a,,1,1604254364,,,,,
Payload delivery,sha256,de78bb7ef226907b1ca8fe17d7ad7ea939e484713cff39b19b99a179c36bc060,,1,1604254364,,,,,
Payload delivery,sha256,ede626090f8eb1aeba5cc29b478550b4bd45b5d3651d76ea627d47d7ee498f11,,1,1604254364,,,,,
Payload delivery,sha256,96ed039ee33b1d206c54d0228d4f0f63696fe4084d210ea5aedea4f21304a145,,1,1604254364,,,,,
Payload delivery,sha256,9f284ce3390845ddeddd38c4585f88559204a57a51c4b9a6285cdfd5b732a15d,,1,1604254364,,,,,
Payload delivery,sha256,08b3aa73d2218092ff4b69470cd1d83de91f61d5d35c10d6fc934a64df393a37,,1,1604254364,,,,,
Payload delivery,sha256,6ff28778bb2b33bfb2cf989d451f41b3c966895e344d33174dcafaebfd3f528c,,1,1604254364,,,,,
Payload delivery,sha256,fb8ab2ce46a749604eb1b4cbb9601b6c59256ce3069f50aa3d4a384d13c6a2bd,,1,1604254364,,,,,
Payload delivery,sha256,09ae7851595543a145e45f97ab27ea008b2c5ab0c6d23ffbca07ed24aa1c9d2d,,1,1604254364,,,,,
Payload delivery,sha256,b59675f67358606ffe1af42911aec3c7223e6b7ab7f024682a4ab48026d51ddc,,1,1604254364,,,,,
Payload delivery,sha256,addf78fe59b2b0f45c3c448caee35c206ecae5a51a5c0e0f71ef361ea5fae6e0,,1,1604254364,,,,,
Payload delivery,sha256,a7e680c6d5b680ac2fffc3fe5871f2d0511f885292dcffdca07b2d266ef02e3b,,1,1604254364,,,,,
Payload delivery,sha256,995f7c609b5d501727cfb3f426ebed44597625702c4e122f80d5994340c0c8b9,,1,1604254364,,,,,
Payload delivery,sha256,a76b132a1ff9ac5f57975dd045e2d3e20c2ccd728d95161a390c876622c325c6,,1,1604254364,,,,,
Payload delivery,sha256,6da0eb7adfd30a0970eda4777fb619fc517207de1a79292a15546e8fbf857801,,1,1604254364,,,,,
Payload delivery,sha256,bf94324154d33b9e2fae3d4be67457bbf57ab982cfafae47f603909fdbd307dc,,1,1604254364,,,,,
Payload delivery,sha256,377610a4c8aa4170979ae6a4e3bb118cb33aef7a45c2a1c24b297797ba8f80b3,,1,1604254364,,,,,
Payload delivery,sha256,f6a58c6f1c31500a5b9d504174201a75f62cd0dfb7c9339a449cf503478c6882,,1,1604254364,,,,,
Payload delivery,sha256,e9d97ee225cb8386c014423c6dab7584542ee3a33f423f6339a75dc76b0a6f35,,1,1604254364,,,,,
Payload delivery,sha256,d355c44651885eb1ec4f2fcf6b408c6b7ea6c12bb0911a72216fbb9d3f25b1ef,,1,1604254364,,,,,
Payload delivery,sha256,d86e540090342256986bfb56795f5d6ae3a3fb2814c2a3f3f85d8fb98929fcf9,,1,1604254364,,,,,
Payload delivery,sha256,51fc4bc16c7f2e3b2ceb9f57dae791904cd35a77cb2cd08278b47d593f2db229,,1,1604254364,,,,,
Payload delivery,sha256,2664e369a5750e92960761dbad20d14f89ae536e1e33482a6759287c13b51ada,,1,1604254364,,,,,
Payload delivery,sha256,46df9b77f5adbe03ed252248e5961408f8208827f4964e167356768a1fdd1b41,,1,1604254364,,,,,
Payload delivery,sha256,000ddbb75d10a939b54a7ceea5f12563b855daec971a9da0f2b4d5f935e195a3,,1,1604254364,,,,,
Payload delivery,sha256,a4181352b022a3dd26cf908d5a4a6ebe5340c1858a4fbd98f1eb048f65493c30,,1,1604254364,,,,,
Payload delivery,sha256,5e8f956911ea2980afc7d95afcedd19e7828ee861c5df8c857cf3a7141e81f84,,1,1604254364,,,,,
Payload delivery,sha256,8b1bbd63a5679be8ea1a2249c36534854e25ee264219eab2dc1e915f49865365,,1,1604254364,,,,,
Payload delivery,sha256,93f54c94d9c5f6a3a709beb81cd734f2954d031e229b2a16627edf3463d18425,,1,1604254364,,,,,
Payload delivery,sha256,34a80b91dccc2f4c596238eb2a36082437d8ca2672184009ec8d0eaa5eefff4f,,1,1604254364,,,,,
Payload delivery,sha256,563d57c9f893a11d09e40edfd9e028bb3603ea7843b725521af03ef965f8970b,,1,1604254364,,,,,
Payload delivery,sha256,89209624cd354749a520bff574eb1d1f73ef6f17727ccf530c6c3ab71e9408dc,,1,1604254364,,,,,
Payload delivery,sha256,9a5752b09cd3ccf1b63fb6c3bcba1ec2b851ea149957b1796eb254bd46dfe81c,,1,1604254364,,,,,
Payload delivery,sha256,21e8d292059353cf519959ec32ffc279eb48febe294ee2a3543f83a7f69500e7,,1,1604254364,,,,,
Payload delivery,sha256,cbf545b3784cce9ac2370f99ac3bf49ac25aeab045fc7e79347922307a749bc1,,1,1604254364,,,,,
Payload delivery,sha256,9ef27402c22f2dca4ff55ffa321b4f01a23504136f74a73c8c88976fa9a00f9c,,1,1604254364,,,,,
Payload delivery,sha256,d980e95023e1093b2dfea5ae8e4f60e00a780730e553494aa4b5fd61860dbc64,,1,1604254364,,,,,
Payload delivery,sha256,a27f2e497b722c9d1a0536cf29690643b526be787738708dbc61508a48eab688,,1,1604254364,,,,,
Payload delivery,sha256,bf43262c31fad96903128487e42488bc78f3fa536fe24f1be4948ab4c5f50f15,,1,1604254364,,,,,
Payload delivery,sha256,8a889eaa6548dbd9a5b05c99068804152e4d2ac8df3b74695de9eba7d22ee54b,,1,1604254364,,,,,
Payload delivery,sha256,a026e0a61283352db37649afb4c925f5f089f4b12915c82cedbb98a69da3c4d6,,1,1604254364,,,,,
Payload delivery,sha256,935dd4889ea05dc269633f108ef426c6fb8f315dad0a9d05c979caff112b8dec,,1,1604254364,,,,,
Payload delivery,sha256,f61b27873dea75ddddf5142d2f492109ffed0a66b0a6515d51eee28ed144000f,,1,1604254364,,,,,
Payload delivery,sha256,6a52e504de6b7bd01ef960b9ef11257d90156dd269ee71baecd4b6cabcf34894,,1,1604254364,,,,,
Payload delivery,sha256,f9b40ab45db9a3dcf98a17071b899d97e15bc86e7379d7410942614ffa0dde33,,1,1604254850,,,,,
Payload delivery,sha256,2abc736ebd81f379ecd8e45aec6060f0124e3dd248a96db83261243edbd653cd,,1,1604303663,,,,,
Payload delivery,sha256,f4fa463a8ca99a62feb9c344539a47efad918254571a7c60fe1bd194f9d0d9c6,,1,1604303663,,,,,
Payload delivery,sha256,a06a5b1d63ca67da90ba6cd9cbc00d6872707a1b49d44de26d6eb5ce7dd7d545,,1,1604303867,,,,,
Payload delivery,sha256,b3c30e0e20eff19a753b36f053093432afc7983b799c2e4e940c423a274b823d,,1,1604304936,,,,,
Payload delivery,sha256,e67691cbb2d0a8c1e44e3e44814e62c432929f358bdc264ea26a9724c417e05a,,1,1604304936,,,,,
Payload delivery,sha256,1f64ab4db42ad68b4b99120ef6e9d1409cf606d31d932c0d306bb11c8ddcb2b4,,1,1604306526,,,,,
Payload delivery,sha256,5a70d423fb336448fc7a71fbc3c7a4f0397bc7fa1ec32f7cc42824a432051c33,,1,1604306526,,,,,
Payload delivery,sha256,95ea070bbfca04fff58a7092d61527aad0474914ffd2501d96991faad1388c7a,,1,1604306526,,,,,
Payload delivery,sha256,fdcf3873df6f83336539c4997ce69fce459737c6d655f1972422f861437858a9,,1,1604306526,,,,,
Payload delivery,sha256,6d0a3c4b2414c59be1190710c09330f4dd07e7badc4194e592799783f1cfd055,,1,1604306526,,,,,
Payload delivery,sha256,aa1c8adc4b7d352e487842b1d3017f627230ff1057350aaca1ffeb4d6abae16a,,1,1604306526,,,,,
Payload delivery,sha256,cc2c2694d0284153605a98c0e7493fb90aff0d78e7f03e37c80fb505fbf3f93f,,1,1604306526,,,,,
Payload delivery,sha256,42775c20aa5b73b2eaecb5b107ce59d105f978660e6e43f53f804733ce3f7cbe,,1,1604306526,,,,,
Payload delivery,sha256,f0c85a1c9cf80ad424acebbe7af54176d0cb778a639da2f2f59828af5bb79842,,1,1604306526,,,,,
Artifacts dropped,sha256,92b12010772166647f510ad91731e931d58bc077bfc9f9d39adc678cc00fb65d,,1,1604306766,,"DONOT,APT-C-35,SectorE02",,,
Artifacts dropped,sha256,1b46735d6b6aebefd5809274de1aaa56b5fac314b33c2fa51b001e07b4f7e4d7,,1,1604306766,,"DONOT,APT-C-35,SectorE02",,,
Artifacts dropped,sha256,57a9a17baaf61de5cffa8b2e2ec340a179e7e1cd70e046cbd832655c44bc7c1d,,1,1604306766,,"DONOT,APT-C-35,SectorE02",,,
Artifacts dropped,sha256,cd03ed9e4f3257836e11016294c8701baa12414b59f221e556cbed16a946b205,,1,1604306766,,"DONOT,APT-C-35,SectorE02",,,
Artifacts dropped,sha256,ce1df70e96b4780329d393ff7a37513aec222030e80606ee3ef99b306951d74d,,1,1604306766,,"DONOT,APT-C-35,SectorE02",,,
Artifacts dropped,sha256,9169dab8579d49253f72439f7572e0aabeb685c5ca63bf91fff81502764e79bb,,1,1604306766,,"DONOT,APT-C-35,SectorE02",,,
Payload delivery,sha256,5acfd1b49ae86ef66b94a3e0209a2d2a3592c31b57ccbaa4bb9540fcf3403574,,1,1604306886,,"DONOT,APT-C-35,SectorE02",,,
Payload delivery,sha256,08b11f246e2ebcfc049f198c055fc855e0af1f8499ba18791e3232efa913b01a,,1,1604306887,,"DONOT,APT-C-35,SectorE02",,,
Payload delivery,sha256,62dfec7fe0025e8863c2252abb4ec1abdb4b916b76972910c6a47728bfb648a7,,1,1604306887,,"DONOT,APT-C-35,SectorE02",,,
Payload delivery,sha256,13f27543d03fd4bee3267bdc37300e578994f55edabc031de936ff476482ceb4,,1,1604306887,,"DONOT,APT-C-35,SectorE02",,,
Payload delivery,sha256,b874a158f019dc082a0069eb3f7e169fbec2b4f05b123eed62d81776a7ddb384,,1,1604306887,,"DONOT,APT-C-35,SectorE02",,,
Payload delivery,sha256,e726c07f3422aaee45187bae9edb1772146ccac50315264b86820db77b42b31c,,1,1604306887,,"DONOT,APT-C-35,SectorE02",,,
Artifacts dropped,sha256,8fff7f07ebf0a1e0a4eabdcf57744739f39de643d831c36416b663bd243590e1,,1,1604307067,,"DONOT,APT-C-35,SectorE02",,,
Artifacts dropped,sha256,d71a1d993e9515ec69a32f913c2a18f14cdb52ef06e4011c8622b5945440c1aa,,1,1604307067,,"DONOT,APT-C-35,SectorE02",,,
Artifacts dropped,sha256,f10f41bd38832596d4c449f81b9eb4129361aa4e4ebd4a8e8d2d8bf388934ca5,,1,1604307067,,"DONOT,APT-C-35,SectorE02",,,
Artifacts dropped,sha256,f331f67baa2650c426daae9dee6066029beb8b17253f26ad9ebbd3a64b2b6a37,,1,1604307067,,"DONOT,APT-C-35,SectorE02",,,
Artifacts dropped,sha256,d4e587b16fbc486a62cc33febd5438be3a9690afc1650af702ed42d00ebfd39e,,1,1604307067,,"DONOT,APT-C-35,SectorE02",,,
Payload delivery,sha256,7550195fa3fc3f708be55c9da50c3bd2b561c3119802062c735cc4eec7fb1bc0,,1,1604315230,,,,,
Payload delivery,sha256,70df22a25cbb8715f1d3dd693123ac92203b3a27dfc6c7fa0e48239cf15cbf02,,1,1604315230,,,,,
Payload delivery,sha256,af6fb490604a1282ffaa1aeb41cfd96d887cfa095e504ebd3970552fcf6dd1c9,,1,1604337894,,,,,
Payload delivery,sha256,aec7483acbc84ae697a0e8525a9fd6d2caef107c411ad170297057e98f1472e8,,1,1604338018,,,,,
Payload delivery,sha256,1e6e568e2fccfeb2e0275982d5637e0be6d0ba4575685126d957061bf2d19678,,1,1604340214,,,,,
Payload delivery,sha256,9ef7031c21675175d39c99e0afa32d9e1a99b53572ae014126bd8374ead4f708,Merged from event 11558,1,1604305338,sha256,,81e06482-cf2b-453e-bfc2-102b69cbfc88,file,file
Payload delivery,sha256,89209624cd354749a520bff574eb1d1f73ef6f17727ccf530c6c3ab71e9408dc,Merged from event 11558,1,1604305338,sha256,,abefbda0-dad4-453e-9a18-8a7a3e9c8282,file,file
Payload delivery,sha256,34a80b91dccc2f4c596238eb2a36082437d8ca2672184009ec8d0eaa5eefff4f,Merged from event 11558,1,1604305338,sha256,,3335dd09-b67f-48cf-badf-f60eac63004e,file,file
Payload delivery,sha256,f9a6a5e807c2567395f2f892058b80f2e47f022c80ee1a3608b7168f30187616,Merged from event 11558,1,1604305338,sha256,,e622d0e3-4b62-4390-b167-857ff9fb64aa,file,file
Payload delivery,sha256,add1ca887148122425d16e308ac199739eab8862fbd66f86a647e5d4986b3fbd,Merged from event 11558,1,1604305339,sha256,,3669e881-23a1-4958-8603-9771ed970cd8,file,file
Payload delivery,sha256,2295dc79778c05ddb4e7518499075e886f8715429160af103cc928cb1880affb,Merged from event 11558,1,1604305339,sha256,,e463f230-856a-486d-b8d6-684aa0a2fe2d,file,file
Payload delivery,sha256,be40b7601baeeae327ff2faf08944b7764547e1098557979677014490dc4e6c3,Merged from event 11558,1,1604305339,sha256,,bb6d51a8-e8e6-460f-9238-a1b8d1936856,file,file
Payload delivery,sha256,cf59012780efc61b5b43f871b930f641aefe5f8ec87290c20ab643fb60d86fc3,Merged from event 11558,1,1604305339,sha256,,f0401ed3-ac6c-4338-90c3-66e8e619ed79,file,file
Payload delivery,sha256,0efaeb17f3febb68b3a14236aa1f231158a1690872914a0a2eb7c48c49fbd27a,Merged from event 11558,1,1604305339,sha256,,4b7ed440-2f3c-47fd-a5fc-e370a73b9719,file,file
Payload delivery,sha256,9ef27402c22f2dca4ff55ffa321b4f01a23504136f74a73c8c88976fa9a00f9c,Merged from event 11558,1,1604305339,sha256,,9a5e2745-5e88-4434-becc-2c2493b6a7a4,file,file
Payload delivery,sha256,8b1bbd63a5679be8ea1a2249c36534854e25ee264219eab2dc1e915f49865365,Merged from event 11558,1,1604305339,sha256,,a95dfa57-4ce5-4ac2-98d1-b44c0c270287,file,file
Payload delivery,sha256,c3544ddb175689cf3aadc5967f061594c210d78db45b3bb5925dedf3700ad4f7,Merged from event 11558,1,1604305339,sha256,,0cee0fce-e684-40a1-9125-71c7703244b6,file,file
Payload delivery,sha256,5e8f956911ea2980afc7d95afcedd19e7828ee861c5df8c857cf3a7141e81f84,Merged from event 11558,1,1604305339,sha256,,adae40c8-8271-4782-8d06-a28b88b701cb,file,file
Payload delivery,sha256,1d2394e4501d1ed83259333e5aa81cdbc58557c42a4d4976982d84dd6fdd4128,Merged from event 11558,1,1604305339,sha256,,7ec72071-8447-4432-805d-9ddb5ff27b43,file,file
Payload delivery,sha256,920f18c5ffb59856deccf2d984ab07793fefeea9a5a45d1e8a94a57da9d2347c,Merged from event 11558,1,1604305340,sha256,,06fa8c3c-d124-44cd-96d4-abc66e2579de,file,file
Payload delivery,sha256,4c2797e3b0c7975bc861bed2353d036f980ad8ffe289805f72093e860555bc67,Merged from event 11558,1,1604305340,sha256,,ce02ceec-5442-4958-95d9-e731fbbcd641,file,file
Payload delivery,sha256,47be22bed22c58aad09fde547cb98d007d3ff2cf94c16aaa1d99270e4196e940,Merged from event 11558,1,1604305340,sha256,,b9090023-ec44-4f87-8b82-3927a4aa3561,file,file
Payload delivery,sha256,d980e95023e1093b2dfea5ae8e4f60e00a780730e553494aa4b5fd61860dbc64,Merged from event 11558,1,1604305340,sha256,,4f3c2514-83aa-40ca-bf91-26513a8114eb,file,file
Payload delivery,sha256,1924cdf76764a84877baae88ebbed2f9cafdc1b4bae6b9977c6af2350da1201b,Merged from event 11558,1,1604305340,sha256,,fbad038c-4923-4183-bae1-36554f671e08,file,file
Payload delivery,sha256,79fecbdeeb6a4d31133359c4b8ecf9035ddc1534fcfa6c0d51d62c27d441a6ad,Merged from event 11558,1,1604305340,sha256,,f8931f9e-cb73-4415-a4e8-49b60320355b,file,file
Payload delivery,sha1,edbdd830e747a80a18f7b9b44506934acbff9950,,1,1604254850,,,,,
Payload delivery,sha1,df7fb9a9c8f6c9cd4df713d8f4159ccd664e8222,,1,1604254850,,,,,
Payload delivery,sha1,266a8428421468b44cd4caf649919a3a5cb2a689,,1,1604303663,,,,,
Payload delivery,sha1,0c7e392f128ade164126fb1c6c627b9add278f7b,,1,1604304936,,,,,
Payload delivery,sha1,db1779c91ba7f4a50fed892634e8dade92b277d7,,1,1604305307,,,,,
Payload delivery,sha1,6fb753c9d93cb12c25407238196deeabbc550c92,,1,1604305307,,,,,
Payload delivery,sha1,fd5deb8ec23347691f9fe88275084c30933ec123,,1,1604305307,,,,,
Payload delivery,sha1,90d825d081966597d6a93606c3ee7656ce054958,,1,1604305307,,,,,
Payload delivery,sha1,58a4b3c59b3f52c05543c13dcff5942c40037255,,1,1604305307,,,,,
Payload delivery,sha1,fcbada0b2953493fa962b78c6d9d9baa92c1dba6,,1,1604305307,,,,,
Payload delivery,sha1,8f2fa5fa44bc2bd5bddb42affd96dae36e215eee,,1,1604305307,,,,,
Payload delivery,sha1,bba5919d94e47075898b759c36b2014b62f39080,,1,1604305307,,,,,
Payload delivery,sha1,49e426518637da14f207e40b7d6ef596f0353527,,1,1604305307,,,,,
Payload delivery,sha1,8a5edb6f9f022c2f677a5b48e92c4e59f4c79194,,1,1604305307,,,,,
Payload delivery,sha1,34f5f9bd5a58e65f08ca1ddf1d21546c85e0295a,,1,1604305307,,,,,
Payload delivery,sha1,f8c387190bef7a57cccffa2290e288987e084eb5,,1,1604305307,,,,,
Payload delivery,sha1,a92b8fe659eb2178fa1dad174763851e497913cc,,1,1604305307,,,,,
Payload delivery,sha1,2367fc3b992e74a48aac7292c94798956e50c28f,,1,1604305307,,,,,
Payload delivery,sha1,296cbc4cc8a6e87c5af4c50940fc00cfb7452650,,1,1604305307,,,,,
Payload delivery,sha1,bb945f4a3e7f0c0477b99cee728272251e23ab70,,1,1604305307,,,,,
Payload delivery,sha1,4d984427db6c8853b1d74f5138d53949b3839a8f,,1,1604305307,,,,,
Payload delivery,sha1,b9dbc67bf1b3d017f91c07adc6fdcfa59f2a9842,,1,1604305307,,,,,
Payload delivery,sha1,17d99639dfcee58ed3d0f23ae0433bc0a930685d,,1,1604305307,,,,,
Payload delivery,sha1,8d141ade60c713bee37896268cd2f4cec8e61724,,1,1604305307,,,,,
Payload delivery,sha1,88534fd456855cc5ec4710994705631f57161839,,1,1604305307,,,,,
Payload delivery,sha1,bb68b0ae360485d529df1eac914496ddf7811b76,,1,1604305307,,,,,
Payload delivery,sha1,8ac9ab3c62acd3e43eb2d5c9ae3f00902218892c,,1,1604305307,,,,,
Payload delivery,sha1,0a780a3df8bf2add4c2052a9a497a2a48f9b22af,,1,1604305307,,,,,
Payload delivery,sha1,b24a57e19851e2504f1e070f137aa0ff566b0535,,1,1604305307,,,,,
Payload delivery,sha1,90cacc60964fe1e73b0be01b6d567e2f34a0d6e1,,1,1604305307,,,,,
Payload delivery,sha1,c1e70f0d6593851eed7165e30688963a492790dd,,1,1604305307,,,,,
Payload delivery,sha1,a2d4f2e10d3fc4ad906b3b45dd1df32a8ed824e9,,1,1604305307,,,,,
Payload delivery,sha1,632fb7d1f204e83932a4476de252056b9fadb7a1,,1,1604305307,,,,,
Payload delivery,sha1,a3824ad7c3999c3d55b632eed01cab620f016446,,1,1604305307,,,,,
Payload delivery,sha1,9ec0a0b2f2a87ccd8ac874ca50604c4ccf390eb2,,1,1604305307,,,,,
Payload delivery,sha1,2044e2d76bb67e3d47e5c2014bd6c5b398971b19,,1,1604305307,,,,,
Payload delivery,sha1,9103d7d33d17205e2f8bc52c005d9ed5bd868713,,1,1604314328,,,,,
Payload delivery,sha1,0efd8ab6d9ad4d2dc5ad072bdbbd6a9cf15b9a41,,1,1604314328,,,,,
Payload delivery,sha1,db1744b5e87b1ccb357654dd2f420e9ffe9c5970,,1,1604315926,,,,,
Payload delivery,sha1,8a91506b9a1833f09e622537a41db306468f7a3d,,1,1604315926,,,,,
Payload delivery,sha1,44d51ca27240801a6dd639f0beab2d915ceacc53,,1,1604337894,,,,,
Payload delivery,sha1,4d5508a80e20162fac63f8a9b2090d853f730703,,1,1604338018,,,,,
Payload delivery,sha1,042c07e7db1ab01b066bd1f2c042cb652e1fc5df,,1,1604340214,,,,,
Payload delivery,sha1,e635e0bb63d555edf1f2ae52cb7747b616398542,Merged from event 11558,1,1604305338,sha1,,81e06482-cf2b-453e-bfc2-102b69cbfc88,file,file
Payload delivery,sha1,a92b8fe659eb2178fa1dad174763851e497913cc,Merged from event 11558,1,1604305338,sha1,,abefbda0-dad4-453e-9a18-8a7a3e9c8282,file,file
Payload delivery,sha1,34f5f9bd5a58e65f08ca1ddf1d21546c85e0295a,Merged from event 11558,1,1604305338,sha1,,3335dd09-b67f-48cf-badf-f60eac63004e,file,file
Payload delivery,sha1,db313b03288827a7ecd3f6efe2e8ec7ff639e97b,Merged from event 11558,1,1604305338,sha1,,e622d0e3-4b62-4390-b167-857ff9fb64aa,file,file
Payload delivery,sha1,083e28c7fa6ed1bbb054a93439ceee5c77c8f374,Merged from event 11558,1,1604305339,sha1,,3669e881-23a1-4958-8603-9771ed970cd8,file,file
Payload delivery,sha1,9f24a7386d0db814bacd304e39be922c736339d5,Merged from event 11558,1,1604305339,sha1,,e463f230-856a-486d-b8d6-684aa0a2fe2d,file,file
Payload delivery,sha1,912caa57512e94126cbad3ce9b5f0c676363c2fc,Merged from event 11558,1,1604305339,sha1,,bb6d51a8-e8e6-460f-9238-a1b8d1936856,file,file
Payload delivery,sha1,29f90baccaf7de65f4c968cd7f91fa00a4d97137,Merged from event 11558,1,1604305339,sha1,,f0401ed3-ac6c-4338-90c3-66e8e619ed79,file,file
Payload delivery,sha1,db1779c91ba7f4a50fed892634e8dade92b277d7,Merged from event 11558,1,1604305339,sha1,,4b7ed440-2f3c-47fd-a5fc-e370a73b9719,file,file
Payload delivery,sha1,bb945f4a3e7f0c0477b99cee728272251e23ab70,Merged from event 11558,1,1604305339,sha1,,9a5e2745-5e88-4434-becc-2c2493b6a7a4,file,file
Payload delivery,sha1,a3824ad7c3999c3d55b632eed01cab620f016446,Merged from event 11558,1,1604305339,sha1,,a95dfa57-4ce5-4ac2-98d1-b44c0c270287,file,file
Payload delivery,sha1,3fc93b5dbd1b34504d186c10a4d98c1124b5098a,Merged from event 11558,1,1604305339,sha1,,0cee0fce-e684-40a1-9125-71c7703244b6,file,file
Payload delivery,sha1,2367fc3b992e74a48aac7292c94798956e50c28f,Merged from event 11558,1,1604305339,sha1,,adae40c8-8271-4782-8d06-a28b88b701cb,file,file
Payload delivery,sha1,07181166766b8fdf7296a402406c606bbbad2f90,Merged from event 11558,1,1604305339,sha1,,7ec72071-8447-4432-805d-9ddb5ff27b43,file,file
Payload delivery,sha1,8ac9ab3c62acd3e43eb2d5c9ae3f00902218892c,Merged from event 11558,1,1604305340,sha1,,06fa8c3c-d124-44cd-96d4-abc66e2579de,file,file
Payload delivery,sha1,547f41cf853651eff2d25fd9095d7c24cf129d1f,Merged from event 11558,1,1604305340,sha1,,ce02ceec-5442-4958-95d9-e731fbbcd641,file,file
Payload delivery,sha1,aa162e03cafbe4322c524fb2b3f2aabb7120b148,Merged from event 11558,1,1604305340,sha1,,b9090023-ec44-4f87-8b82-3927a4aa3561,file,file
Payload delivery,sha1,2044e2d76bb67e3d47e5c2014bd6c5b398971b19,Merged from event 11558,1,1604305340,sha1,,4f3c2514-83aa-40ca-bf91-26513a8114eb,file,file
Payload delivery,sha1,a6730c4ba67856f7efdb8e50b73bdf76c234a8bc,Merged from event 11558,1,1604305340,sha1,,fbad038c-4923-4183-bae1-36554f671e08,file,file
Payload delivery,sha1,3bbe8ba59481ecedc6012d4fd4b6cfb51b565b83,Merged from event 11558,1,1604305340,sha1,,f8931f9e-cb73-4415-a4e8-49b60320355b,file,file
Payload delivery,md5,add9de02b97d815ae8ae6ce5228d2ff0,Qi'anxin Threat Intelligence Center,1,1604248516,,"APT-C-35,DONOT",,,
Payload delivery,md5,f915e60a23fc64a79ff2f2d802c31660,Qi'anxin Threat Intelligence Center,1,1604248516,,"APT-C-35,DONOT",,,
Payload delivery,md5,6915d07bc56223086267b98e5fb85951,Qi'anxin Threat Intelligence Center,1,1604248516,,"APT-C-35,DONOT",,,
Payload delivery,md5,06a62e4f4a870f9da01039716673eb9d,Qi'anxin Threat Intelligence Center,1,1604248516,,"APT-C-35,DONOT",,,
Payload delivery,md5,38db0a9fb072f8aff34d77229cf498af,Qi'anxin Threat Intelligence Center,1,1604248516,,"APT-C-35,DONOT",,,
Payload delivery,md5,ba6a046e809b9a5ec79ab2fbfdc83d73,Qi'anxin Threat Intelligence Center,1,1604248516,,"APT-C-35,DONOT",,,
Payload delivery,md5,68cc4603260646b8d6163a32ce9d81eb,Qi'anxin Threat Intelligence Center,1,1604248516,,"APT-C-35,DONOT",,,
Payload delivery,md5,107d25c7399b17ad6b7c05993b65c18e,,1,1604249132,,"DONOT,APT-C-35",,,
Payload delivery,md5,fa86464d6fa281d6bec6df62d5f2ba4f,,1,1604249132,,"DONOT,APT-C-35",,,
Payload delivery,md5,22be6422e8cc09bda69843acc405f104,,1,1604249132,,"DONOT,APT-C-35",,,
Payload delivery,md5,554a72999435c81ceedf79db6a911142,,1,1604249132,,"DONOT,APT-C-35",,,
Payload delivery,md5,a9d6d2d93eda11e89ed2ca034b81e6ef,,1,1604249132,,"DONOT,APT-C-35",,,
Payload delivery,md5,d140f63ff050c572398da196f587775c,,1,1604249132,,"DONOT,APT-C-35",,,
Payload delivery,md5,428c9aea62d8988697db6e96900d5439,,1,1604249132,,"DONOT,APT-C-35",,,
Payload delivery,md5,a0e985519bf45379495ed9087e0c9e45,,1,1604249132,,"DONOT,APT-C-35",,,
Payload delivery,md5,6ce1855cf027d76463bb8d5954fcc7bb,Merged from event 64105,1,1604250324,,,,,
Payload delivery,md5,21b7fc61448af8938c09007871486f58,Merged from event 64105,1,1604250324,,,,,
Payload delivery,md5,71ab0946b6a72622aef6cdd7907479ec,Merged from event 64105,1,1604250324,,,,,
Payload delivery,md5,22f41b6238290913fc4d196b8423724d,Merged from event 64105,1,1604250324,,,,,
Payload delivery,md5,330a4678fae2662975e850200081a1b1,Merged from event 64105,1,1604250324,,,,,
Payload delivery,md5,22e7ef7c3c7911b4c08ce82fde76ec72,Merged from event 64105,1,1604250324,,,,,
Payload delivery,md5,e5811485b2185e4cebb60425b6a63c99,,1,1604252601,,,,,
Payload delivery,md5,e7fdc332b5018d5b21f05324be027f01,,1,1604252601,,,,,
Payload delivery,md5,0fd18a60ad75c2f1889fcf2ed0006eac,,1,1604252601,,,,,
Payload delivery,md5,672528c6e3e2a45d84fb7380242add18,,1,1604252601,,,,,
Payload delivery,md5,23f690ca04ef95e2dd077c91b90546df,,1,1604252601,,,,,
Payload delivery,md5,c0bdb4a453a00ea0b00a63615390f9bc,,1,1604252601,,,,,
Payload delivery,md5,e1ba1e6e7be99ff24764468b99aff7f9,,1,1604252601,,,,,
Payload delivery,md5,d95fa08171a3d267e0f11fd2b5badc5c,,1,1604252601,,,,,
Payload delivery,md5,2f7f60f19a5223e92150e680f424db90,,1,1604252601,,,,,
Payload delivery,md5,0fad02c0056e0d3fb07d5ce9144f596a,,1,1604252601,,,,,
Payload delivery,md5,474c975f67133cac188177f235103b11,,1,1604252601,,,,,
Payload delivery,md5,65aa0b2bf2b360b404866ae957ce40a4,,1,1604252601,,,,,
Payload delivery,md5,771332d054930e6fc1a3b7239cc27fc9,,1,1604252601,,,,,
Payload delivery,md5,4b0d3f1505a1c5d610aaca6e8aa903cf,,1,1604252601,,,,,
Payload delivery,md5,c56e39ffda056769401b8449f7fd7bb6,,1,1604252601,,,,,
Payload delivery,md5,cfcacd700de5c3ed1e0558938141aaed,,1,1604252601,,,,,
Payload delivery,md5,b0c273a6cce371898b41ea4cbd3705d7,,1,1604252601,,,,,
Payload delivery,md5,d56fb9dc7ed5708f4ffd3eea81c34f23,,1,1604252601,,,,,
Payload delivery,md5,09875b476a5ba22ad4f842f681f4ae43,,1,1604252601,,,,,
Payload delivery,md5,c675278109080ce0be39149c56acb152,,1,1604252601,,,,,
Payload delivery,md5,27fbb727bfc4947a855505f0ed8b7eb3,,1,1604252602,,,,,
Payload delivery,md5,2d2c53555e2636f08125d6f9dc9ad7b3,,1,1604252602,,,,,
Payload delivery,md5,f4a5aa3390cc260b3ca68bcccd7c490a,,1,1604252602,,,,,
Payload delivery,md5,584157845ba4b497cb1135721311abde,,1,1604252602,,,,,
Payload delivery,md5,b0a467b42f358d6ad32e6288fd0acf55,,1,1604252602,,,,,
Payload delivery,md5,76acaad8dc83bcdf25da132b425d4386,,1,1604252602,,,,,
Payload delivery,md5,c8e65b3a0e115749304213b1f6f60dae,,1,1604252602,,,,,
Payload delivery,md5,4675fb748db6140fca91fe1ea5a3047b,,1,1604252602,,,,,
Payload delivery,md5,ddf6c1f96536a15aba65182eee47d93e,,1,1604252602,,,,,
Payload delivery,md5,d9c1219434ae00736b9a73b9e4189101,,1,1604252602,,,,,
Payload delivery,md5,8c305fc07486588beae99104d3ec340d,,1,1604252602,,,,,
Payload delivery,md5,164ba18e475efb17e4e9a592b4241dff,,1,1604252602,,,,,
Payload delivery,md5,f8673258bf0d7c997c698d00e1c4e4a4,,1,1604252602,,,,,
Payload delivery,md5,3ca00459ba511f76915321d41a8b90ef,,1,1604252602,,,,,
Payload delivery,md5,5d8a595c3a2e4e0e9c7b476a2258a1ff,,1,1604252602,,,,,
Payload delivery,md5,96de6f7eb398960d28892fcad07c93c9,,1,1604252602,,,,,
Payload delivery,md5,ced1b050e77f18eca8c596cb13fc71f7,,1,1604252602,,,,,
Payload delivery,md5,61dae726840913c05875d3ebde44d74e,,1,1604252602,,,,,
Payload delivery,md5,53901a5ffb06df8bfc57142598cee449,,1,1604252602,,,,,
Payload delivery,md5,6e3f9110802a5ded3137f1848b634c72,,1,1604252602,,,,,
Payload delivery,md5,527890cdbbdab06791da342adf08e071,,1,1604252602,,,,,
Payload delivery,md5,97201f032ac52a1dd97eed4b936a66df,,1,1604252602,,,,,
Payload delivery,md5,61d754610067be1a9cd19dd8cfbf88fc,,1,1604252602,,,,,
Payload delivery,md5,c2d452be32ae53798f6c8c187893d944,,1,1604252602,,,,,
Payload delivery,md5,37b23dae4cf2a4132137ada3db4b8392,,1,1604252602,,,,,
Payload delivery,md5,f96ff43d0ad8215d3fcda5b3a1c0a600,,1,1604252602,,,,,
Payload delivery,md5,ca6fbc9d68d3e333b58bc66d0566248b,,1,1604252602,,,,,
Payload delivery,md5,80ee69eac7f3a434e3071db84ba5ebe1,,1,1604252602,,,,,
Payload delivery,md5,c513e46ee546c2799f9ae741b4eee3b1,,1,1604252602,,,,,
Payload delivery,md5,3611d8b8fdcc356b87ab7b48662ac5a8,,1,1604252602,,,,,
Payload delivery,md5,44522bc5d79a6f0bc37f1b30797d35e0,,1,1604252602,,,,,
Payload delivery,md5,cfdab38b5fbd0e73ac248c90eaf74b3b,,1,1604252602,,,,,
Payload delivery,md5,eb970e6f9b614e2e3115ce9ba10659d7,,1,1604252602,,,,,
Payload delivery,md5,6c6db77c97cca7f7f100f2cf9f5933f7,,1,1604252602,,,,,
Payload delivery,md5,3c2b76fc30cf44ee68c5e8b874924ef8,,1,1604252602,,,,,
Payload delivery,md5,e6e65330e6ced2d04c2601462aaef8c6,,1,1604252602,,,,,
Payload delivery,md5,753561d5e16ba8773306fcd532cd29f1,,1,1604252602,,,,,
Payload delivery,md5,556b6ac9c811570314780c1665467d28,,1,1604252602,,,,,
Payload delivery,md5,6b4577515f1e4de42be7abc79dc1d3a4,,1,1604252602,,,,,
Payload delivery,md5,d8ba1e375240664b9d587e36a41e30f8,,1,1604252602,,,,,
Payload delivery,md5,87b5638f02c9356912c3b3122d38c2ac,,1,1604252602,,,,,
Payload delivery,md5,48c18dbb8b82cea747fb8f4026e9a58d,,1,1604252602,,,,,
Payload delivery,md5,e1e9d6fbf119958d43c221fcecd9ac62,,1,1604252602,,,,,
Payload delivery,md5,12c529f1b8a4be7a734ade3d6518fbdc,,1,1604252602,,,,,
Payload delivery,md5,e30bd67916c4253b8fac7d19c5da2e5f,,1,1604252602,,,,,
Payload delivery,md5,f80bc5f295932227a43d7af90df570bb,,1,1604252602,,,,,
Payload delivery,md5,757460d4f19e90d2d0523e61f1236405,,1,1604252602,,,,,
Payload delivery,md5,94e5cbc9e99a2d97606f5cf91cda9b99,,1,1604252602,,,,,
Payload delivery,md5,3bf02c543326f6ca4daef99b81770f5f,,1,1604252602,,,,,
Payload delivery,md5,62c82d449ea9a3ef4fee0cb504885292,,1,1604252602,,,,,
Payload delivery,md5,7681cdf4c118a7efafd24a068cdb9da3,,1,1604252602,,,,,
Payload delivery,md5,0e74d33ed6efa317c34289728d051d6c,,1,1604252602,,,,,
Payload delivery,md5,26299dc8ee2f4332aaf84d8e98c26dfb,,1,1604252602,,,,,
Payload delivery,md5,d3d7d9d410162a3b6ba2a83f986d933f,,1,1604252602,,,,,
Payload delivery,md5,f0845f502100e96fc244506f208f876e,,1,1604252602,,,,,
Payload delivery,md5,f07d2e5090ecb97724bc64d928241e9a,,1,1604252602,,,,,
Payload delivery,md5,6fd130db320976e48131331dbbe45e28,,1,1604252602,,,,,
Payload delivery,md5,5c6044715365292bbe6899feea8f29af,,1,1604252602,,,,,
Payload delivery,md5,2025d1e77447e921abc3d20c716ba45c,,1,1604252602,,,,,
Payload delivery,md5,eb52d53d7f96c735e81df47d64697e59,,1,1604252602,,,,,
Payload delivery,md5,47d87966124210465d8031310b3eaad3,,1,1604252602,,,,,
Payload delivery,md5,4f090fc2796526f21a6b7b9246c12378,,1,1604252602,,,,,
Payload delivery,md5,3975c2f800df29bbc1089caded98f17c,,1,1604252602,,,,,
Payload delivery,md5,b3cddeef058e8398458845372320d36f,,1,1604252602,,,,,
Payload delivery,md5,c13d265344dfb6425c5a80042ab8019f,,1,1604252602,,,,,
Payload delivery,md5,7de9b508972ce23e83f23f7e365713a6,,1,1604252602,,,,,
Payload delivery,md5,e563c2573e2594825978057e86420aa7,,1,1604252602,,,,,
Payload delivery,md5,0e1c9c42094892245e443396921f2906,,1,1604252602,,,,,
Payload delivery,md5,d5a05291ba9ebda3f6143da9551b2976,,1,1604252602,,,,,
Payload delivery,md5,2926a67ddd6207888e06528598ed10d5,,1,1604252602,,,,,
Payload delivery,md5,602efcaabd1dd263d7b0175b84bf0578,,1,1604252602,,,,,
Payload delivery,md5,93601fc36958f5690cfa6fa32019bdb0,,1,1604252602,,,,,
Payload delivery,md5,b2f9cdf0e2833ea252ed9c3c9fd05359,,1,1604252602,,,,,
Payload delivery,md5,b2f6f87aa105a4f2add8734f08742b95,,1,1604252602,,,,,
Payload delivery,md5,23238997eb76e867d82d11038fdcfafb,,1,1604252602,,,,,
Payload delivery,md5,d56ba7ce3d8424fffb80d687d99f6a26,,1,1604252602,,,,,
Payload delivery,md5,3f5b282f4daf428a50bca2cdf0e20a2d,,1,1604252603,,,,,
Payload delivery,md5,0e4a5ce3939c05d75190f68192d208ff,,1,1604252603,,,,,
Payload delivery,md5,9f12bed39ee3629a3537237f8e94f756,,1,1604252603,,,,,
Payload delivery,md5,f880dacde070526130e7d784e98cdae2,,1,1604252603,,,,,
Payload delivery,md5,04fff2ce62857f221bf0368b797c523d,,1,1604252603,,,,,
Payload delivery,md5,821b5750ed0d5c28b0587e293a8e3bc6,,1,1604252603,,,,,
Payload delivery,md5,d884987bc6e793265c2f5c390d514bff,,1,1604252603,,,,,
Payload delivery,md5,e7881c2121b62a1fcda0a8c940d54159,,1,1604252603,,,,,
Payload delivery,md5,2eafe6186db4c34031b7c2f7c08f4fc2,,1,1604252603,,,,,
Payload delivery,md5,242e05f06544349256470110fdb433b5,,1,1604252603,,,,,
Payload delivery,md5,d76c5afb53184dbbe14c0f2959fccaf3,,1,1604252603,,,,,
Payload delivery,md5,76091b4eeb4654ac6516e743ef20aae1,,1,1604252603,,,,,
Payload delivery,md5,9f5773e5751a916e99af05c39276c2cf,,1,1604252603,,,,,
Payload delivery,md5,e11eabbfccbadc2c90dcd9e14e1fbd52,,1,1604252603,,,,,
Payload delivery,md5,43bcb7bf9db10cfc3d2769eda3821c45,,1,1604252603,,,,,
Payload delivery,md5,57181a67e14f898306dbf58ad0f924db,,1,1604252603,,,,,
Payload delivery,md5,efd7588fc286c836f4151b77cc57a1c6,,1,1604252603,,,,,
Payload delivery,md5,00f2f5d06ab2f00333f7f12e62a9a9cf,,1,1604252603,,,,,
Payload delivery,md5,e5bd34a2a48ad8a2f70096b226b5d63c,,1,1604252603,,,,,
Payload delivery,md5,fecf5a42a8a7d1f1c9aa60a0fcecfe86,,1,1604252603,,,,,
Payload delivery,md5,bb5f685a1ffa310f90e23909512f32ca,,1,1604252603,,,,,
Payload delivery,md5,6ef222c4d4a768b941dc50185b73f895,,1,1604252603,,,,,
Payload delivery,md5,97b6b7481918237354f61a4f60517f77,,1,1604252603,,,,,
Payload delivery,md5,3d0a17e31f911b86b15945a0f48b3901,,1,1604252603,,,,,
Payload delivery,md5,fb50b34809024382ed6cd9078f04365d,,1,1604252603,,,,,
Payload delivery,md5,18f8cb7f43ae01547e105da1699d0eb8,,1,1604252603,,,,,
Payload delivery,md5,9381f33e21b1eec25109d3e997430dd5,,1,1604252603,,,,,
Payload delivery,md5,c344329d533d09299b9243a6d8faceb1,,1,1604252603,,,,,
Payload delivery,md5,6a793af4c3ecaef2a4288f6d97930ac5,,1,1604252603,,,,,
Payload delivery,md5,cfe35bf44b47c02636593dde2fd236ef,,1,1604252603,,,,,
Payload delivery,md5,f58eb04150cae8d93d6c1f7caf54a6dc,,1,1604252603,,,,,
Payload delivery,md5,7c9ad47e1bc2069923da5bd547c3f01f,,1,1604252603,,,,,
Payload delivery,md5,e2c7acee958a8f2a59b5e068150690e0,,1,1604252603,,,,,
Payload delivery,md5,2ac766fbced12ed0cdcdc37304d2b36f,,1,1604252603,,,,,
Payload delivery,md5,fa96a9e7ea8b8d84acd82152c1605a0d,,1,1604252603,,,,,
Payload delivery,md5,34a5b1b6c61d75b92476e3be2379b934,,1,1604252603,,,,,
Payload delivery,md5,65e94bcac5c4f3a46850d80573fff69b,,1,1604252603,,,,,
Payload delivery,md5,878cc7303dc5054f54534a318130d976,,1,1604252603,,,,,
Payload delivery,md5,25a2df5647a72e89cd807dd313ebe5fa,,1,1604252603,,,,,
Payload delivery,md5,94a48c8430c69baca1ee704a1306d75d,,1,1604254675,,,,,
Payload delivery,md5,8702385f0a64bf1aa8e202430692a9e6,,1,1604254675,,,,,
Payload delivery,md5,4428912f168f3f1f0554126de7b4eced,,1,1604254675,,,,,
Payload delivery,md5,1d1fb7aba66794303afc6b5420068231,,1,1604254675,,,,,
Payload delivery,md5,248323b43a58d226536202a649f88a83,,1,1604254675,,,,,
Payload delivery,md5,7e484c7eed8990d2f4fc4bb0028dcc49,,1,1604254675,,,,,
Payload delivery,md5,acd8fa3b3832197a192a19839a689210,,1,1604254850,,,,,
Payload delivery,md5,004d7a567705f9d780e52db6531ee7de,,1,1604256546,,,,,
Payload delivery,md5,0158315f683dfee6d4d906b776e5229c,,1,1604256546,,,,,
Payload delivery,md5,01710a4b3ea78b63dc9076dbeff6629c,,1,1604256546,,,,,
Payload delivery,md5,022f7646c6eb3f91baba88105a2b3eda,,1,1604256546,,,,,
Payload delivery,md5,029f25e50d98f602e966ee8b7858fd88,,1,1604256546,,,,,
Payload delivery,md5,03db95ef308d88ebb7f8b8c7cc157dff,,1,1604256546,,,,,
Payload delivery,md5,04b3610c4857c0cbd2608885f46cd18c,,1,1604256547,,,,,
Payload delivery,md5,066c1c5b0405bcf35cd583aed2f79235,,1,1604256547,,,,,
Payload delivery,md5,0676f6c5414691310ed75ad0ffe41819,,1,1604256547,,,,,
Payload delivery,md5,06e077a9d3777df42e97fafb01c8beae,,1,1604256547,,,,,
Payload delivery,md5,08feae41e8622595c30c12aafcdc8594,,1,1604256547,,,,,
Payload delivery,md5,09041eeb065709c0a6946a62dd350e13,,1,1604256547,,,,,
Payload delivery,md5,0be3ccbbd88e72e90a78cdc314f200c2,,1,1604256547,,,,,
Payload delivery,md5,0c669f4bf656eadadad76fae3cd3fd3a,,1,1604256547,,,,,
Payload delivery,md5,0d16496069ee7c998f2975d8e8475781,,1,1604256547,,,,,
Payload delivery,md5,0d195b660596810172bb3874bebcd470,,1,1604256547,,,,,
Payload delivery,md5,0f90989277ece07337f4eb28f004e04b,,1,1604256547,,,,,
Payload delivery,md5,11836203fc84f5581d249330c5099573,,1,1604256547,,,,,
Payload delivery,md5,12770f49e6e4180263733515b1cfb1b5,,1,1604256547,,,,,
Payload delivery,md5,1278dbbcb4b7e6696c3c4bddc899001e,,1,1604256547,,,,,
Payload delivery,md5,136f84e3fc794e99df35a3ab56b7998b,,1,1604256547,,,,,
Payload delivery,md5,154ee0c3bb8250cae00d5ed0e6f894b4,,1,1604256547,,,,,
Payload delivery,md5,180431cf5adbd2a9f23e20950c4cb03f,,1,1604256547,,,,,
Payload delivery,md5,1a392f6145755a6c94b475d06d68ed6a,,1,1604256547,,,,,
Payload delivery,md5,1d5e98fc11a1fc4e166010ba78ef907d,,1,1604256547,,,,,
Payload delivery,md5,1d90a398a721ea2a0dfcf99990a88b15,,1,1604256547,,,,,
Payload delivery,md5,21d26dd1cfbd8105d732ea38dea8c7d0,,1,1604256547,,,,,
Payload delivery,md5,22c577ce2426e6498c585a03055c62a6,,1,1604256547,,,,,
Payload delivery,md5,232fba01682fda9c45c30bde970828a1,,1,1604256547,,,,,
Payload delivery,md5,265f854bbdddf6622192bbe640391d2b,,1,1604256547,,,,,
Payload delivery,md5,292a3d40f58b9798c1bb6d8a7d210585,,1,1604256547,,,,,
Payload delivery,md5,2c2d04507e7c227f496ac569a149745b,,1,1604256547,,,,,
Payload delivery,md5,2de11dfee67c690636f5e6f7225e813a,,1,1604256547,,,,,
Payload delivery,md5,2fec52f10a4037d5c6749f9e3b27b23a,,1,1604256547,,,,,
Payload delivery,md5,30d014883489bee0ad5919ac161c06ce,,1,1604256547,,,,,
Payload delivery,md5,317bbfaf910403152b8d05fc97648944,,1,1604256547,,,,,
Payload delivery,md5,3520b051a02ec0c29891adf487d7817c,,1,1604256547,,,,,
Payload delivery,md5,3712614ae6591086d78a2876fa0c84bb,,1,1604256547,,,,,
Payload delivery,md5,39ecdafabd014884445e7161af76e5f7,,1,1604256547,,,,,
Payload delivery,md5,3a204440803713c0181a831506fdbb36,,1,1604256547,,,,,
Payload delivery,md5,3c02d149a36bbe214e8f78a0dab58fa5,,1,1604256547,,,,,
Payload delivery,md5,3cb74f7b1e324dd93ac76d18e2f18644,,1,1604256547,,,,,
Payload delivery,md5,3d2fa81fb093136655e046b80cdb4242,,1,1604256547,,,,,
Payload delivery,md5,3fca54599f30f248246f69290c07696e,,1,1604256547,,,,,
Payload delivery,md5,41ccc717afca85216d5587d88f608332,,1,1604256547,,,,,
Payload delivery,md5,4311d80e8f243b7f0cf8805457b76463,,1,1604256547,,,,,
Payload delivery,md5,48077007f323510bacda73b03f95ecd1,,1,1604256547,,,,,
Payload delivery,md5,4c2e7108aecafc0dec046a0365ce4471,,1,1604256547,,,,,
Payload delivery,md5,4d6d4f2a288384c9493784272ea37ce7,,1,1604256547,,,,,
Payload delivery,md5,4e1b2f4cf9ce675bb080095e971a6fcb,,1,1604256547,,,,,
Payload delivery,md5,4e279fac2d347b23f02e4f8b48d11088,,1,1604256547,,,,,
Payload delivery,md5,4e4eb3d6fdfbc7860546a2166ab886e5,,1,1604256547,,,,,
Payload delivery,md5,4fb6b27375baa0d59fef03a34aea2b34,,1,1604256547,,,,,
Payload delivery,md5,52ac6664478a32b5cabdaa54278b4229,,1,1604256547,,,,,
Payload delivery,md5,5473be0d12bc9a38c8edbf3090c9ea4d,,1,1604256547,,,,,
Payload delivery,md5,559b920616cf2b05c593340584070458,,1,1604256547,,,,,
Payload delivery,md5,56e2df3cd980763b2a81e83a452383ff,,1,1604256547,,,,,
Payload delivery,md5,572d7f2b1926a83b55bdc74d94746d8d,,1,1604256547,,,,,
Payload delivery,md5,58ea5b92bc087d80e6290d822b78a4e3,,1,1604256547,,,,,
Payload delivery,md5,5acad73439bcd4bbbb78af15117c7bfd,,1,1604256547,,,,,
Payload delivery,md5,5d68af6734a0fb0433af27b77c112e47,,1,1604256547,,,,,
Payload delivery,md5,5f3bdc311c0bd5702ff437c50b380c7e,,1,1604256547,,,,,
Payload delivery,md5,603286d46d1909e0c18d6664576f6259,,1,1604256547,,,,,
Payload delivery,md5,62dc5cafa222f2a27478c03b69c02a2b,,1,1604256547,,,,,
Payload delivery,md5,64e93902777723ea52ed9fa0afe338e9,,1,1604256547,,,,,
Payload delivery,md5,662364f4f84e26e0e988e331416eb239,,1,1604256547,,,,,
Payload delivery,md5,6889e5533f15713cf8068fc777cc8e77,,1,1604256547,,,,,
Payload delivery,md5,6afdc230df3b88232eeafa96abb18190,,1,1604256547,,,,,
Payload delivery,md5,6b33c6c8149a469d924d7f3466a9a2ef,,1,1604256547,,,,,
Payload delivery,md5,6c867ecbfe5ad161bc00deba1414a304,,1,1604256547,,,,,
Payload delivery,md5,6ca65e166dbc681f10a17f34a35a94e6,,1,1604256547,,,,,
Payload delivery,md5,6d7ef5c67604d62e63aa06c4a7832dac,,1,1604256547,,,,,
Payload delivery,md5,6e444898cc7cbfc6aad429ce37d2b263,,1,1604256547,,,,,
Payload delivery,md5,702b7a97ddb0a51c1cc1673d14543ac5,,1,1604256547,,,,,
Payload delivery,md5,7075cd558285d7477486c2d4558616a9,,1,1604256548,,,,,
Payload delivery,md5,710fa61c082a655e01136cc3631611ef,,1,1604256548,,,,,
Payload delivery,md5,7142221ea2993c790bb310292115e5f9,,1,1604256548,,,,,
Payload delivery,md5,762eb395a7933568ee035f16b9646e55,,1,1604256548,,,,,
Payload delivery,md5,784063ef8e81352874292cf77b15c579,,1,1604256548,,,,,
Payload delivery,md5,791c812a13b2cc7481b4d270d0dc9e68,,1,1604256548,,,,,
Payload delivery,md5,79c74abdbad8f73008ca40e53c0c4089,,1,1604256548,,,,,
Payload delivery,md5,7fe93da897a426e1aa6fe7cd58ced772,,1,1604256548,,,,,
Payload delivery,md5,84ebd0e871b1f3a88865ba7f3fc25104,,1,1604256548,,,,,
Payload delivery,md5,86828e3b5bf5daf35988339815b5991e,,1,1604256548,,,,,
Payload delivery,md5,88139edf03327665ae8260641b273e7c,,1,1604256548,,,,,
Payload delivery,md5,887f351e2026d5fe3e4c805182932e3c,,1,1604256548,,,,,
Payload delivery,md5,8b7e9d7f51fca9c50fc83902a279d3e9,,1,1604256548,,,,,
Payload delivery,md5,93222f8403909d118be09829bea3e313,,1,1604256548,,,,,
Payload delivery,md5,979040f0051d8a2ce6aed44ec56368ca,,1,1604256548,,,,,
Payload delivery,md5,9a9eb739a62630504b27372e883504b8,,1,1604256548,,,,,
Payload delivery,md5,9afdf7da3c5c84b4995da79d410d22d9,,1,1604256548,,,,,
Payload delivery,md5,9cddfd8fa9dc98149e63f08f02a179cf,,1,1604256548,,,,,
Payload delivery,md5,9daf47741735df9d4e1764ba8dbeff14,,1,1604256548,,,,,
Payload delivery,md5,9dc50377498fd0959686863fa46231d1,,1,1604256548,,,,,
Payload delivery,md5,9e101d386f2ce003dd353b07d264f7fc,,1,1604256548,,,,,
Payload delivery,md5,9f0bc83a6f8141b749695e46180a8def,,1,1604256548,,,,,
Payload delivery,md5,a46ee9a1337cf102db2dcc005d60312a,,1,1604256548,,,,,
Payload delivery,md5,a7c7ae8cd6a78e5d01edcf726f2b6d4a,,1,1604256548,,,,,
Payload delivery,md5,a98a255e592c43200f6c10cf12e900a5,,1,1604256548,,,,,
Payload delivery,md5,aad1a7163c3cbe2de17406f54dce14ff,,1,1604256548,,,,,
Payload delivery,md5,aae979afa172627bc9a47365ca5b5f51,,1,1604256548,,,,,
Payload delivery,md5,ac65fb0a1b23f20184ac612880d1f9c9,,1,1604256548,,,,,
Payload delivery,md5,ae3fcf6b00cdcf0d5d095b3dd65245fa,,1,1604256548,,,,,
Payload delivery,md5,ae6c7ffb09c72f32e47cca8436278f8b,,1,1604256548,,,,,
Payload delivery,md5,aeb0c9cb9814b1ef1b08f18c0e34cf77,,1,1604256548,,,,,
Payload delivery,md5,aee1b77f646c0befece129b4c477bbe4,,1,1604256548,,,,,
Payload delivery,md5,af19938fd664df46c9f85efad6833ce1,,1,1604256548,,,,,
Payload delivery,md5,b0c51170204204f33f956284f030aec5,,1,1604256548,,,,,
Payload delivery,md5,ba7658e80591021a7881ac7573226dbc,,1,1604256548,,,,,
Payload delivery,md5,bb37bc32d243a36ce9ae0d1045019de6,,1,1604256548,,,,,
Payload delivery,md5,bd0bca06908fdb5db31cbc9f43e11597,,1,1604256548,,,,,
Payload delivery,md5,c1c7bd5972d78c0d5f10059100659025,,1,1604256548,,,,,
Payload delivery,md5,c2be017b2fb3ad6f0f1c05ef10573b90,,1,1604256548,,,,,
Payload delivery,md5,c2e8c3dbee0fa8ce92865075074c80ca,,1,1604256548,,,,,
Payload delivery,md5,c3b46c33b58d11fce800a5ec497fdd7a,,1,1604256548,,,,,
Payload delivery,md5,c3b94d765a3d6e43735f7e1acf8cf187,,1,1604256548,,,,,
Payload delivery,md5,c3c03fd55c0cd0c2247ca96376203c9a,,1,1604256548,,,,,
Payload delivery,md5,c43bab60cbf7922a35979e4f41f9aa9e,,1,1604256548,,,,,
Payload delivery,md5,c4912e801677d8aa489772490fe5388a,,1,1604256548,,,,,
Payload delivery,md5,c5f76015b2cb15f59070d2e5cfdd8f6e,,1,1604256548,,,,,
Payload delivery,md5,c64e0565fdd0ebb92fa41915b67ef8cc,,1,1604256548,,,,,
Payload delivery,md5,c82bb37071e2db07c128042f9b22af0f,,1,1604256548,,,,,
Payload delivery,md5,c91abd2f3bc2a574022461c17276c227,,1,1604256548,,,,,
Payload delivery,md5,c9449dbfd66fb6d75eab5012cfb66731,,1,1604256548,,,,,
Payload delivery,md5,c94778c158863da20114f4e89d2d84ce,,1,1604256548,,,,,
Payload delivery,md5,c957de76259c9a82c3c0a1768ccbd878,,1,1604256548,,,,,
Payload delivery,md5,c9d0348dd015babe48f3b46a737b9025,,1,1604256548,,,,,
Payload delivery,md5,ca50a3a1728e015228f6d97f5dc15999,,1,1604256548,,,,,
Payload delivery,md5,cd449159beda255bb06be1d6c35bc1e9,,1,1604256548,,,,,
Payload delivery,md5,d04f4c43bbc5b37d7b1a46ceadd3c674,,1,1604256548,,,,,
Payload delivery,md5,d0caf019af2e5c4d62acec3402fbb583,,1,1604256548,,,,,
Payload delivery,md5,d0dd1c70581606aa2a4926c5df4a32ee,,1,1604256548,,,,,
Payload delivery,md5,d1486baee307fe9b8221a7dddc8ff21b,,1,1604256548,,,,,
Payload delivery,md5,d384476cd94ec6c44522f1ea6529ef69,,1,1604256548,,,,,
Payload delivery,md5,d523ba7bb4ec5488c6c46b800eeba176,,1,1604256548,,,,,
Payload delivery,md5,d64f3242a89732d5ef69e35b25145412,,1,1604256548,,,,,
Payload delivery,md5,d6a11b35ec7f08c8960db871b44fd9d0,,1,1604256548,,,,,
Payload delivery,md5,d6bc758448dd510cd97f92f1dc99a2db,,1,1604256548,,,,,
Payload delivery,md5,d7aa03f274d55b8d485221083957d504,,1,1604256548,,,,,
Payload delivery,md5,d8b31e7523c1681d1838c50090468942,,1,1604256548,,,,,
Payload delivery,md5,da71dfe35125d59c487d9d3d63e0cb18,,1,1604256548,,,,,
Payload delivery,md5,dc9ea0a9eabc152104dadf984d14b03b,,1,1604256548,,,,,
Payload delivery,md5,dea87bd6e6b6bf97a29f83224385dc18,,1,1604256548,,,,,
Payload delivery,md5,dfddba46a62ad7972018c2f6b980b978,,1,1604256549,,,,,
Payload delivery,md5,e02377364a3833bb4e89965b0c344a25,,1,1604256549,,,,,
Payload delivery,md5,e16afc1f98446d224a2a96703da64b2d,,1,1604256549,,,,,
Payload delivery,md5,e1a83a4c342f784ad83bcad061c5845a,,1,1604256549,,,,,
Payload delivery,md5,e2088460b1a0401c40f944a1d0e4f7c0,,1,1604256549,,,,,
Payload delivery,md5,e417457a04cf9da41fc0c8787985a790,,1,1604256549,,,,,
Payload delivery,md5,e534cf9606a1b9f9a05c6c5514603f77,,1,1604256549,,,,,
Payload delivery,md5,e5f32003347c18109e3c39e2bf2f36de,,1,1604256549,,,,,
Payload delivery,md5,e7073a90345b2ed4584c3c69f22298d9,,1,1604256549,,,,,
Payload delivery,md5,e8cdaafd6deefcee21530070444de679,,1,1604256549,,,,,
Payload delivery,md5,eaa9a54b67673f68066bc13f42e5ca2c,,1,1604256549,,,,,
Payload delivery,md5,edc4346e5fb6f68868938767625a0b16,,1,1604256549,,,,,
Payload delivery,md5,edc6bdd204dd2a849693e148b00c0ea9,,1,1604256549,,,,,
Payload delivery,md5,ee5db4f50ab4cdfaf40f89de7a140309,,1,1604256549,,,,,
Payload delivery,md5,ef1bf0fa405ba45046c19e3efdb17b23,,1,1604256549,,,,,
Payload delivery,md5,f04e31ff256a6dc44af48dbf0b917e7d,,1,1604256549,,,,,
Payload delivery,md5,f0ecd67f81d95cb79a1ae93859d6b480,,1,1604256549,,,,,
Payload delivery,md5,f10d72646b1d9bc6643be80dee99ba85,,1,1604256549,,,,,
Payload delivery,md5,f1166a382755674c5071436fa9d48f3e,,1,1604256549,,,,,
Payload delivery,md5,f3e9d98948db0249d73df5304e20e6b3,,1,1604256549,,,,,
Payload delivery,md5,f422bc9c0d0b9d80d09ee1fc7aed3682,,1,1604256549,,,,,
Payload delivery,md5,f9ff89d9149cd0cb702b0a6578d33078,,1,1604256549,,,,,
Payload delivery,md5,fd17c9eb665e665b9d9e3af8592271c1,,1,1604256549,,,,,
Payload delivery,md5,fd7a602e34dae2dd608567232d5b9eff,,1,1604256549,,,,,
Payload delivery,md5,feea1d90e77dff5ff9f896122cf768f6,,1,1604256549,,,,,
Payload delivery,md5,ff5ffc315daab5abd4a2cdd6f6be5d86,,1,1604256549,,,,,
Payload delivery,md5,ff630e55e7278aab1683c7fdc23e9aa9,,1,1604256549,,,,,
Payload delivery,md5,4efdbdcb3c341f86c4ff40764cd6468f,,1,1604302177,,,,,
Payload delivery,md5,89b04c7e0b896a30d09a138b6bc3e828,,1,1604302178,,,,,
Payload delivery,md5,a1827a948b5d14fb79c87e8d9ec74082,,1,1604302178,,,,,
Payload delivery,md5,7a2b1c70213ad493a053a1e252c00a54,,1,1604302178,,,,,
Payload delivery,md5,fc385c0f00313ad3ba08576a28ca9b66,,1,1604302178,,,,,
Payload delivery,md5,843e633b026c43b63b938effa4a36228,,1,1604302178,,,,,
Payload delivery,md5,b7e6a740d8f1229142b5cebb1c22b8b1,,1,1604302178,,,,,
Payload delivery,md5,c2da8cc0725558304dfd2a59386373f7,,1,1604302178,,,,,
Payload delivery,md5,99ce8b2a17f7961a6b88ba0a7e037b5a,,1,1604302178,,,,,
Payload delivery,md5,1b3693237173c8b7ee2942b69812eb47,,1,1604302178,,,,,
Payload delivery,md5,7b00d9246335fd3fbb2cac2f2fe9354b,,1,1604302178,,,,,
Payload delivery,md5,2a1de3eefb43479bfbc53f677902c993,,1,1604302178,,,,,
Payload delivery,md5,74aa0abb618f9b898aa293cdbd499a4b,,1,1604302178,,,,,
Payload delivery,md5,92d79d7a27966ea4668e347fe9a97c62,,1,1604302178,,,,,
Payload delivery,md5,ca9bc074668bb04552610ee835a0e9cf,,1,1604302178,,,,,
Payload delivery,md5,28d30f19e96200bcf5067d5fd3b69439,,1,1604302178,,,,,
Payload delivery,md5,be4117d154339e7469d7cbabf7d36dd1,,1,1604302178,,,,,
Payload delivery,md5,397ed4c4c372fe50588123d6885497c3,,1,1604302178,,,,,
Payload delivery,md5,e5f774df501c631b0c14f3cf32e54dfb,,1,1604302178,,,,,
Payload delivery,md5,47fc61cd1d939c99c000afe430451952,,1,1604302178,,,,,
Payload delivery,md5,e8b68543c78b3dc27c7951e1dc8fae89,,1,1604302178,,,,,
Payload delivery,md5,fc652df43fdcab6e67d2f7d2c052ed06,,1,1604303663,,,,,
Payload delivery,md5,d9279f628c9f19420f14edf3cfc3123f,,1,1604303867,,,,,
Payload delivery,md5,f7d2b9541d9035d31c637d39d88d18a7,,1,1604304408,,,,,
Payload delivery,md5,497a67d28058a781681f20e32b7b3d6a,,1,1604305307,,,,,
Payload delivery,md5,d3f53bcf02ede4adda304fc7f03a2000,,1,1604305307,,,,,
Payload delivery,md5,5a49013b1e49c7a5bce1755cdb36519c,,1,1604305307,,,,,
Payload delivery,md5,a6343923d6ab0f0132ddf335d37701f9,,1,1604305307,,,,,
Payload delivery,md5,997bc9a539b2decd5bb3b3e6799f55e2,,1,1604305307,,,,,
Payload delivery,md5,cc96f03b5d13d2549304d49c4df2c3e3,,1,1604305307,,,,,
Payload delivery,md5,51b9d09d57365fa4e09251b0072eff1d,,1,1604305307,,,,,
Payload delivery,md5,d26681348c0df5cfadd3e00a029dfe8c,,1,1604305307,,,,,
Payload delivery,md5,abdef021da3fcb8082c82743c2e730ae,,1,1604305307,,,,,
Payload delivery,md5,c3c82fa13bf5baddfbdfe378e379a956,,1,1604305307,,,,,
Payload delivery,md5,8a75b7e4075ed1c237d64940f13dbc70,,1,1604305307,,,,,
Payload delivery,md5,aac2942b2193cb4f011d62b1d74f7e61,,1,1604305307,,,,,
Payload delivery,md5,c98a94580420b32bd5bea101f7eb336e,,1,1604305307,,,,,
Payload delivery,md5,dd0062b572261e989b4b2f47c9d194bb,,1,1604305307,,,,,
Payload delivery,md5,55a3a52a0a74fe9415a4bfd381f8e059,,1,1604305307,,,,,
Payload delivery,md5,201d55ffca3b469cf3f0a9bdc78483e3,,1,1604305307,,,,,
Payload delivery,md5,1376560292bdafae3263cac28dfbcfcd,,1,1604305307,,,,,
Payload delivery,md5,9eb18198d02001614f19a9b2822dcb33,,1,1604305307,,,,,
Payload delivery,md5,a3aa6a77cf780d3ffb30bcbbeac49431,,1,1604305307,,,,,
Payload delivery,md5,43aac5543b41bc2272b590e4901bebae,,1,1604305307,,,,,
Payload delivery,md5,4aea3ec301b3c0e6d813795ca7e191bb,,1,1604305307,,,,,
Payload delivery,md5,98a8f1a4ec5893f0b8acbca683ca4a7d,,1,1604305307,,,,,
Payload delivery,md5,80079907e8324f454977947661c48d2e,,1,1604305307,,,,,
Payload delivery,md5,7bb0b6eb3383be5cec4b2eabf273c7f9,,1,1604306103,,,,,
Payload delivery,md5,103cfbc4f61dd642f9f44b8248545831,,1,1604306103,,,,,
Payload delivery,md5,1278a5f65fc0c4a3babffcf1117db1c0,,1,1604306103,,,,,
Payload delivery,md5,9a15160a81ff9ef82d3c4dc49b4f8c32,,1,1604337894,,,,,
Payload delivery,md5,5c0b4410a00496ce78328ca86f00cc89,,1,1604338018,,,,,
Payload delivery,md5,74aa0abb618f9b898aa293cdbd499a4b,Merged from event 11558,1,1604305338,md5,,81e06482-cf2b-453e-bfc2-102b69cbfc88,file,file
Payload delivery,md5,b7e6a740d8f1229142b5cebb1c22b8b1,Merged from event 11558,1,1604305338,md5,,abefbda0-dad4-453e-9a18-8a7a3e9c8282,file,file
Payload delivery,md5,e5f774df501c631b0c14f3cf32e54dfb,Merged from event 11558,1,1604305338,md5,,3335dd09-b67f-48cf-badf-f60eac63004e,file,file
Payload delivery,md5,be4117d154339e7469d7cbabf7d36dd1,Merged from event 11558,1,1604305338,md5,,e622d0e3-4b62-4390-b167-857ff9fb64aa,file,file
Payload delivery,md5,a1827a948b5d14fb79c87e8d9ec74082,Merged from event 11558,1,1604305339,md5,,3669e881-23a1-4958-8603-9771ed970cd8,file,file
Payload delivery,md5,2a1de3eefb43479bfbc53f677902c993,Merged from event 11558,1,1604305339,md5,,e463f230-856a-486d-b8d6-684aa0a2fe2d,file,file
Payload delivery,md5,7b00d9246335fd3fbb2cac2f2fe9354b,Merged from event 11558,1,1604305339,md5,,bb6d51a8-e8e6-460f-9238-a1b8d1936856,file,file
Payload delivery,md5,89b04c7e0b896a30d09a138b6bc3e828,Merged from event 11558,1,1604305339,md5,,f0401ed3-ac6c-4338-90c3-66e8e619ed79,file,file
Payload delivery,md5,843e633b026c43b63b938effa4a36228,Merged from event 11558,1,1604305339,md5,,4b7ed440-2f3c-47fd-a5fc-e370a73b9719,file,file
Payload delivery,md5,47fc61cd1d939c99c000afe430451952,Merged from event 11558,1,1604305339,md5,,9a5e2745-5e88-4434-becc-2c2493b6a7a4,file,file
Payload delivery,md5,c2da8cc0725558304dfd2a59386373f7,Merged from event 11558,1,1604305339,md5,,a95dfa57-4ce5-4ac2-98d1-b44c0c270287,file,file
Payload delivery,md5,ca9bc074668bb04552610ee835a0e9cf,Merged from event 11558,1,1604305339,md5,,0cee0fce-e684-40a1-9125-71c7703244b6,file,file
Payload delivery,md5,397ed4c4c372fe50588123d6885497c3,Merged from event 11558,1,1604305339,md5,,adae40c8-8271-4782-8d06-a28b88b701cb,file,file
Payload delivery,md5,4efdbdcb3c341f86c4ff40764cd6468f,Merged from event 11558,1,1604305339,md5,,7ec72071-8447-4432-805d-9ddb5ff27b43,file,file
Payload delivery,md5,92d79d7a27966ea4668e347fe9a97c62,Merged from event 11558,1,1604305340,md5,,06fa8c3c-d124-44cd-96d4-abc66e2579de,file,file
Payload delivery,md5,e8b68543c78b3dc27c7951e1dc8fae89,Merged from event 11558,1,1604305340,md5,,ce02ceec-5442-4958-95d9-e731fbbcd641,file,file
Payload delivery,md5,fc385c0f00313ad3ba08576a28ca9b66,Merged from event 11558,1,1604305340,md5,,b9090023-ec44-4f87-8b82-3927a4aa3561,file,file
Payload delivery,md5,1b3693237173c8b7ee2942b69812eb47,Merged from event 11558,1,1604305340,md5,,4f3c2514-83aa-40ca-bf91-26513a8114eb,file,file
Payload delivery,md5,7a2b1c70213ad493a053a1e252c00a54,Merged from event 11558,1,1604305340,md5,,fbad038c-4923-4183-bae1-36554f671e08,file,file
Payload delivery,md5,28d30f19e96200bcf5067d5fd3b69439,Merged from event 11558,1,1604305340,md5,,f8931f9e-cb73-4415-a4e8-49b60320355b,file,file
External analysis,link,http://blog.ptsecurity.com/2019/11/studying-donot-team.html,Merged from event 64105,0,1604250324,,,,,
External analysis,link,https://www.secrss.com/articles/13726,Merged from event 63202,0,1604250714,,,,,
External analysis,link,https://m.threatbook.cn/detail/1924,https://m.threatbook.cn/detail/1924,0,1604250755,,tlp:white,,,
External analysis,link,https://blog.talosintelligence.com/2020/10/donot-firestarter.html,Talos Intelligence Research Blog,0,1604250928,,,,,
External analysis,link,https://www.netscout.com/blog/asert/lucky-elephant-campaign-masquerading,Merged from event 14348,0,1604303304,,,,,
External analysis,link,https://ti.360.net/blog/articles/analysis-of-donot-andriod-sample/,Merged from event 11558,0,1604305338,,,,,
External analysis,link,https://www.virustotal.com/file/9ef7031c21675175d39c99e0afa32d9e1a99b53572ae014126bd8374ead4f708/analysis/1534351503/,Merged from event 11558,0,1604305338,permalink,,528405b2-0447-47bc-b9b2-530dd06a0ceb,virustotal-report,misc
External analysis,link,https://www.virustotal.com/file/89209624cd354749a520bff574eb1d1f73ef6f17727ccf530c6c3ab71e9408dc/analysis/1534350129/,Merged from event 11558,0,1604305338,permalink,,f94d8ef5-02c4-4e5c-a276-4e55540700b0,virustotal-report,misc
External analysis,link,https://www.virustotal.com/file/34a80b91dccc2f4c596238eb2a36082437d8ca2672184009ec8d0eaa5eefff4f/analysis/1534351511/,Merged from event 11558,0,1604305338,permalink,,afadfe61-3f16-405b-92dc-d05bfabce4da,virustotal-report,misc
External analysis,link,https://www.virustotal.com/file/f9a6a5e807c2567395f2f892058b80f2e47f022c80ee1a3608b7168f30187616/analysis/1534351508/,Merged from event 11558,0,1604305338,permalink,,40d58ae0-3441-4902-9d33-1abd6d79a054,virustotal-report,misc
External analysis,link,https://www.virustotal.com/file/add1ca887148122425d16e308ac199739eab8862fbd66f86a647e5d4986b3fbd/analysis/1534351491/,Merged from event 11558,0,1604305339,permalink,,7364b533-2ade-48d1-b81a-9be8cf8ffb14,virustotal-report,misc
External analysis,link,https://www.virustotal.com/file/2295dc79778c05ddb4e7518499075e886f8715429160af103cc928cb1880affb/analysis/1534351501/,Merged from event 11558,0,1604305339,permalink,,2b4a9f76-2afa-4b5e-9ffc-40749855a629,virustotal-report,misc
External analysis,link,https://www.virustotal.com/file/be40b7601baeeae327ff2faf08944b7764547e1098557979677014490dc4e6c3/analysis/1534351500/,Merged from event 11558,0,1604305339,permalink,,a0c4d88e-3c8d-4f3f-bcb0-dd45ad34d74d,virustotal-report,misc
External analysis,link,https://www.virustotal.com/file/cf59012780efc61b5b43f871b930f641aefe5f8ec87290c20ab643fb60d86fc3/analysis/1534351490/,Merged from event 11558,0,1604305339,permalink,,681ccace-9919-4395-bf56-5fdeca383f1f,virustotal-report,misc
External analysis,link,https://www.virustotal.com/file/0efaeb17f3febb68b3a14236aa1f231158a1690872914a0a2eb7c48c49fbd27a/analysis/1534351495/,Merged from event 11558,0,1604305339,permalink,,798eced2-5bcc-4400-bb9c-8eac2fe3a418,virustotal-report,misc
External analysis,link,https://www.virustotal.com/file/9ef27402c22f2dca4ff55ffa321b4f01a23504136f74a73c8c88976fa9a00f9c/analysis/1534351513/,Merged from event 11558,0,1604305339,permalink,,be1243a5-a72e-4483-a70d-7711388fb349,virustotal-report,misc
External analysis,link,https://www.virustotal.com/file/8b1bbd63a5679be8ea1a2249c36534854e25ee264219eab2dc1e915f49865365/analysis/1534351497/,Merged from event 11558,0,1604305339,permalink,,bd4bc7d8-df49-4ce3-bce9-a7834e6b3e00,virustotal-report,misc
External analysis,link,https://www.virustotal.com/file/c3544ddb175689cf3aadc5967f061594c210d78db45b3bb5925dedf3700ad4f7/analysis/1534351505/,Merged from event 11558,0,1604305339,permalink,,db7bfd50-7061-41f0-a795-c1004c7c39ce,virustotal-report,misc
External analysis,link,https://www.virustotal.com/file/5e8f956911ea2980afc7d95afcedd19e7828ee861c5df8c857cf3a7141e81f84/analysis/1534351509/,Merged from event 11558,0,1604305339,permalink,,74a2dc7e-fab6-4d97-ad3d-27ae38c2c8ce,virustotal-report,misc
External analysis,link,https://www.virustotal.com/file/1d2394e4501d1ed83259333e5aa81cdbc58557c42a4d4976982d84dd6fdd4128/analysis/1534230249/,Merged from event 11558,0,1604305340,permalink,,a66a19e6-b768-4b83-b4a4-35111a8fd6d6,virustotal-report,misc
External analysis,link,https://www.virustotal.com/file/920f18c5ffb59856deccf2d984ab07793fefeea9a5a45d1e8a94a57da9d2347c/analysis/1534351504/,Merged from event 11558,0,1604305340,permalink,,c78ef8b5-b6b9-4b9d-a6c3-c73a70efa2aa,virustotal-report,misc
External analysis,link,https://www.virustotal.com/file/4c2797e3b0c7975bc861bed2353d036f980ad8ffe289805f72093e860555bc67/analysis/1534351514/,Merged from event 11558,0,1604305340,permalink,,e6ce328c-aa4b-485f-be9e-0c84837ec74e,virustotal-report,misc
External analysis,link,https://www.virustotal.com/file/47be22bed22c58aad09fde547cb98d007d3ff2cf94c16aaa1d99270e4196e940/analysis/1534351494/,Merged from event 11558,0,1604305340,permalink,,d3a32591-9d25-4d7c-a03e-311883ab73b1,virustotal-report,misc
External analysis,link,https://www.virustotal.com/file/d980e95023e1093b2dfea5ae8e4f60e00a780730e553494aa4b5fd61860dbc64/analysis/1534351499/,Merged from event 11558,0,1604305340,permalink,,b92bd69f-54d4-4ece-8c22-308915adc00c,virustotal-report,misc
External analysis,link,https://www.virustotal.com/file/1924cdf76764a84877baae88ebbed2f9cafdc1b4bae6b9977c6af2350da1201b/analysis/1534351492/,Merged from event 11558,0,1604305340,permalink,,ed28ddb4-3311-4a10-a729-20def6c844a2,virustotal-report,misc
External analysis,link,https://www.virustotal.com/file/79fecbdeeb6a4d31133359c4b8ecf9035ddc1534fcfa6c0d51d62c27d441a6ad/analysis/1534351507/,Merged from event 11558,0,1604305340,permalink,,6512e5f5-ea59-4457-a48c-f232e08358d2,virustotal-report,misc
Network activity,ip-dst,178.62.188.181,Talos Intelligence Research Blog,1,1604248827,,,,,
Network activity,ip-dst,178.62.186.233,,1,1604250288,,"DONOT,APT-C-35",,,
Network activity,ip-dst,178.62.188.63,,1,1604250288,,"DONOT,APT-C-35",,,
Network activity,ip-dst,156.67.222.128,,1,1604250288,,"DONOT,APT-C-35",,,
Network activity,ip-dst,159.89.104.38,,1,1604250288,,"DONOT,APT-C-35",,,
Network activity,ip-dst,157.230.213.81,,1,1604250288,,"DONOT,APT-C-35",,,
Network activity,ip-dst,146.185.139.134,,1,1604250288,,"DONOT,APT-C-35",,,
Network activity,ip-dst,216.170.126.139,,1,1604250288,,"DONOT,APT-C-35",,,
Network activity,ip-dst,46.105.40.12,,1,1604250288,,"DONOT,APT-C-35",,,
Network activity,ip-dst,82.196.7.221,,1,1604250288,,"DONOT,APT-C-35",,,
Network activity,ip-dst,37.139.28.208,,1,1604250288,,"DONOT,APT-C-35",,,
Network activity,ip-dst,5.135.199.0,By Netscout  ASERT Team,1,1604252206,,"DONOT,APT-C35",,,
Network activity,ip-dst,89.33.246.99,By Netscout  ASERT Team,1,1604252206,,"DONOT,APT-C35",,,
Network activity,ip-dst,138.68.81.74,,1,1604302178,,,,,
Network activity,ip-dst,139.59.46.35,,1,1604302178,,,,,
Network activity,ip-dst,206.189.42.61,,1,1604302178,,,,,
Network activity,ip-dst,46.101.204.168,,1,1604302178,,,,,
Network activity,ip-dst,85.204.74.117,,1,1604302178,,,,,
Network activity,ip-dst,95.85.15.131,,1,1604302178,,,,,
Network activity,ip-dst,103.243.173.253,Merged from event 14348,1,1604303304,,,,,
Network activity,ip-dst,77.244.211.55,Merged from event 14348,1,1604303304,,,,,
Network activity,ip-dst,128.127.105.13,Merged from event 14348,1,1604303304,,,,,
Network activity,ip-dst,179.43.169.20,Merged from event 14348,1,1604303304,,,,,
Network activity,ip-dst,178.79.131.20,,1,1604303663,,,,,
Network activity,ip-dst,37.139.3.130,,1,1604305960,,,,,
Network activity,ip-dst,45.33.29.133,,1,1604305960,,,,,
Network activity,ip-dst,66.42.75.101,,1,1604305960,,,,,
Network activity,ip-dst,104.238.188.100,,1,1604305960,,,,,
Network activity,ip-dst,142.93.164.122,,1,1604305960,,,,,
Network activity,ip-dst,172.105.17.141,,1,1604305960,,,,,
Network activity,ip-dst,178.62.185.188,,1,1604305960,,,,,
Network activity,ip-dst,198.199.109.93,,1,1604305960,,,,,
Network activity,ip-dst,198.211.118.246,,1,1604305960,,,,,
Network activity,ip-dst,134.122.119.252,,1,1604305960,,,,,
Network activity,ip-dst,178.62.184.22,,1,1604305960,,,,,
Network activity,ip-dst,162.243.162.130,,1,1604305961,,,,,
Network activity,ip-dst,72.14.188.71,,1,1604305961,,,,,
Network activity,ip-dst,198.13.57.49,,1,1604305961,,,,,
Network activity,ip-dst,142.93.12.211,,1,1604305961,,,,,
Network activity,ip-dst,37.120.140.211,,1,1604305961,,,,,
Network activity,ip-dst,151.236.11.222,,1,1604306103,,,,,
Network activity,ip-dst,179.43.170.155,,1,1604307067,,"DONOT,APT-C-35,SectorE02",,,
Network activity,ip-dst,5.135.19.26,,1,1604307067,,"DONOT,APT-C-35,SectorE02",,,
Network activity,hostname,apkv6.endurecif.top,,1,1604247751,,,,,
Network activity,hostname,equest.resolverequest.live,Qi'anxin Threat Intelligence Center,1,1604248516,,"APT-C-35,DONOT",,,
Network activity,hostname,firm.tplinkupdates.space,Qi'anxin Threat Intelligence Center,1,1604248516,,"APT-C-35,DONOT",,,
Network activity,hostname,office360-pub.16mb.com,,1,1604250288,,"DONOT,APT-C-35",,,
Network activity,hostname,noitfication-office-client.890m.com,,1,1604250288,,"DONOT,APT-C-35",,,
Network activity,hostname,plug.msplugin.icu,,1,1604250288,,"DONOT,APT-C-35",,,
Network activity,hostname,support.worldupdate.live,,1,1604250288,,"DONOT,APT-C-35",,,
Network activity,hostname,car.drivethrough.top,Merged from event 64105,1,1604250324,,,,,
Network activity,hostname,full.devinelive.top,Merged from event 67433,1,1604250755,,tlp:white,,,
Network activity,hostname,suport.windowserver.site,Merged from event 67433,1,1604250755,,tlp:white,,,
Network activity,hostname,live.supportoffline.pro,Merged from event 67433,1,1604250755,,tlp:white,,,
Network activity,hostname,conf.serviceupdateres.com,By Netscout  ASERT Team,1,1604252206,,"DONOT,APT-C35",,,
Network activity,hostname,upload.cloudsekurity.online,By Netscout  ASERT Team,1,1604252206,,"DONOT,APT-C35",,,
Network activity,hostname,apkv2.qwertykeypad.host,,1,1604254364,,,,,
Network activity,hostname,apkv8.trendzs.club,,1,1604254364,,,,,
Network activity,hostname,apkv4.phovonel.icu,,1,1604254400,,,,,
Network activity,hostname,apk.qwertykeypad.host,,1,1604254400,,,,,
Network activity,hostname,apkv5.ppadaolnwod.xyz,,1,1604254400,,,,,
Network activity,hostname,bike.drivethrough.top,,1,1604254400,,,,,
Network activity,hostname,help.domainoutlet.site,,1,1604254400,,,,,
Network activity,hostname,alter.drivethrough.top,,1,1604254400,,,,,
Network activity,hostname,qwe.drivethrough.top,,1,1604254400,,,,,
Network activity,hostname,param.drivethrough.top,,1,1604254400,,,,,
Network activity,hostname,genwar.drivethrough.top,,1,1604254400,,,,,
Network activity,hostname,jasper.drivethrough.top,,1,1604254400,,,,,
Network activity,hostname,app.mypersonaldrive.icu,,1,1604254400,,,,,
Network activity,hostname,aoc.sessions4life.pw,,1,1604256546,,,,,
Network activity,hostname,mon.sesions4life.pw,,1,1604256546,,,,,
Network activity,hostname,qwe.sessions4life.pw,,1,1604256546,,,,,
Network activity,hostname,tes.sessions4life.pw,,1,1604256546,,,,,
Network activity,hostname,godspeed.geekgalaxy.com,,1,1604302178,,,,,
Network activity,hostname,new.transportfun.pw,,1,1604304201,,,,,
Network activity,hostname,unique.fontsupdate.com,,1,1604304408,,,,,
Network activity,hostname,strings.guitarshop.space,,1,1604304936,,,,,
Network activity,hostname,top.extrafeature.xyz,,1,1604304936,,,,,
Network activity,hostname,suport.worldupdate.site,,1,1604304936,,,,,
Network activity,hostname,apkv8.joy-trends.xyz,,1,1604314328,,,,,
Network activity,hostname,asd.stylesheet.xyz,,1,1604337894,,,,,
Network activity,hostname,new.odgarsupport.world,,1,1604339185,,,,,
Payload delivery,filename,%WINDIR%\Tasks\Serviceflow.exe,Merged from event 64105,1,1604250324,,,,,
Payload delivery,filename,%WINDIR%\Tasks\sinter.exe,Merged from event 64105,1,1604250324,,,,,
Network activity,domain,bulk.fun,,1,1604247751,,,,,
Network activity,domain,inapturst.top,,1,1604247751,,,,,
Network activity,domain,seahome.top,,1,1604247751,,,,,
Network activity,domain,fif0.top,,1,1604247751,,,,,
Network activity,domain,requestupdate.live,,1,1604249132,,"DONOT,APT-C-35",,,
Network activity,domain,linkrequest.live,,1,1604249132,,"DONOT,APT-C-35",,,
Network activity,domain,supportsession.live,,1,1604249132,,"DONOT,APT-C-35",,,
Network activity,domain,rythemsjoy.club,,1,1604249132,,"DONOT,APT-C-35",,,
Network activity,domain,mailsession.online,,1,1604249132,,"DONOT,APT-C-35",,,
Network activity,domain,en-content.com,,1,1604250288,,"DONOT,APT-C-35",,,
Network activity,domain,bsodsupport.icu,,1,1604250288,,"DONOT,APT-C-35",,,
Network activity,domain,cloud-storage-service.com,,1,1604250288,,"DONOT,APT-C-35",,,
Network activity,domain,mscheck.icu,,1,1604250288,,"DONOT,APT-C-35",,,
Network activity,domain,sdn.host,,1,1604250288,,"DONOT,APT-C-35",,,
Network activity,domain,account-support.site,,1,1604250288,,"DONOT,APT-C-35",,,
Network activity,domain,skillsnew.top,,1,1604250288,,"DONOT,APT-C-35",,,
Network activity,domain,mystrylust.pw,,1,1604250288,,"DONOT,APT-C-35",,,
Network activity,domain,burningforests.com,Merged from event 64105,1,1604250324,,,,,
Network activity,domain,worldupdate.live,Merged from event 67433,1,1604250755,,tlp:white,,,
Network activity,domain,windowserver.site,Merged from event 67433,1,1604250755,,tlp:white,,,
Network activity,domain,abodeupdater.com,By Netscout  ASERT Team,1,1604252206,,"DONOT,APT-C35",,,
Network activity,domain,qmails.org,By Netscout  ASERT Team,1,1604252206,,"DONOT,APT-C35",,,
Network activity,domain,serviceupports.com,By Netscout  ASERT Team,1,1604252206,,"DONOT,APT-C35",,,
Network activity,domain,thebangladeshtoday.net,By Netscout  ASERT Team,1,1604252206,,"DONOT,APT-C35",,,
Network activity,domain,sundayobserver.net,By Netscout  ASERT Team,1,1604252206,,"DONOT,APT-C35",,,
Network activity,domain,carefile.icu,,1,1604252571,,,,,
Network activity,domain,newbulb.xyz,,1,1604252571,,,,,
Network activity,domain,trakfind.buzz,,1,1604252571,,,,,
Network activity,domain,trendsjoy.biz,,1,1604252571,,,,,
Network activity,domain,fiddaz.club,,1,1604254399,,,,,
Network activity,domain,myappshare.xyz,,1,1604254399,,,,,
Network activity,domain,brightnew.xyz,,1,1604254399,,,,,
Network activity,domain,inapscnd.top,,1,1604254399,,,,,
Network activity,domain,apkfreeware.xyz,,1,1604254399,,,,,
Network activity,domain,bitiy.info,,1,1604254399,,,,,
Network activity,domain,spectronet.pw,,1,1604254400,,,,,
Network activity,domain,mimeversion.top,,1,1604254400,,,,,
Network activity,domain,lowlilght.xyz,,1,1604254400,,,,,
Network activity,domain,mimestyle.xyz,,1,1604254400,,,,,
Network activity,domain,mangasiso.top,,1,1604254400,,,,,
Network activity,domain,n9cl.xyz,,1,1604254400,,,,,
Network activity,domain,dnsrevanche.xyz,,1,1604254400,,,,,
Network activity,domain,advancesearch.xyz,,1,1604254400,,,,,
Network activity,domain,inapfirst.top,,1,1604254400,,,,,
Network activity,domain,covidapp.icu,,1,1604254400,,,,,
Network activity,domain,verisign.monster,,1,1604254400,,,,,
Network activity,domain,whynotworkonit.top,,1,1604254400,,,,,
Network activity,domain,appie.host,,1,1604254400,,,,,
Network activity,domain,filepage.icu,,1,1604254675,,,,,
Network activity,domain,account-updates-team.ga,Merged from event 14348,1,1604303304,,,,,
Network activity,domain,checkbox.gq,Merged from event 14348,1,1604303304,,,,,
Network activity,domain,cyber-net-pk.cf,Merged from event 14348,1,1604303304,,,,,
Network activity,domain,fwo-com.tk,Merged from event 14348,1,1604303304,,,,,
Network activity,domain,googlemail-com.gq,Merged from event 14348,1,1604303304,,,,,
Network activity,domain,live-service.cf,Merged from event 14348,1,1604303304,,,,,
Network activity,domain,mail-accounts-verify-com.cf,Merged from event 14348,1,1604303304,,,,,
Network activity,domain,mail-sign-alert-notification.cf,Merged from event 14348,1,1604303304,,,,,
Network activity,domain,mail-update-team.ga,Merged from event 14348,1,1604303304,,,,,
Network activity,domain,mail-updates-systems.ga,Merged from event 14348,1,1604303304,,,,,
Network activity,domain,mail-yahoo-com.tk,Merged from event 14348,1,1604303304,,,,,
Network activity,domain,mofa-gov-np.cf,Merged from event 14348,1,1604303304,,,,,
Network activity,domain,mofagov-np.cf,Merged from event 14348,1,1604303304,,,,,
Network activity,domain,outlook-com.cf,Merged from event 14348,1,1604303304,,,,,
Network activity,domain,outlook-live-com.cf,Merged from event 14348,1,1604303304,,,,,
Network activity,domain,outlookmail-com.tk,Merged from event 14348,1,1604303304,,,,,
Network activity,domain,paecgov-pk.cf,Merged from event 14348,1,1604303304,,,,,
Network activity,domain,paf-gov-pk.ga,Merged from event 14348,1,1604303304,,,,,
Network activity,domain,pof-gov-pk.tk,Merged from event 14348,1,1604303304,,,,,
Network activity,domain,rab-gov-bd.gq,Merged from event 14348,1,1604303305,,,,,
Network activity,domain,sharepoint-google.ml,Merged from event 14348,1,1604303305,,,,,
Network activity,domain,userscontent.com,Merged from event 14348,1,1604303305,,,,,
Network activity,domain,yahoo-mail-com.ml,Merged from event 14348,1,1604303305,,,,,
Network activity,domain,account-sign-in-security.ga,Merged from event 14348,1,1604303305,,,,,
Network activity,domain,account-update-com.tk,Merged from event 14348,1,1604303305,,,,,
Network activity,domain,afd-gov-bd.gq,Merged from event 14348,1,1604303305,,,,,
Network activity,domain,baf-mil-bd.tk,Merged from event 14348,1,1604303305,,,,,
Network activity,domain,g00gle-com.cf,Merged from event 14348,1,1604303305,,,,,
Network activity,domain,live-com.gq,Merged from event 14348,1,1604303305,,,,,
Network activity,domain,live-com.ml,Merged from event 14348,1,1604303305,,,,,
Network activity,domain,login-live-com.cf,Merged from event 14348,1,1604303305,,,,,
Network activity,domain,login-yah00-com.tk,Merged from event 14348,1,1604303305,,,,,
Network activity,domain,login-yahoo-com.ga,Merged from event 14348,1,1604303305,,,,,
Network activity,domain,mail-account-security-com.cf,Merged from event 14348,1,1604303305,,,,,
Network activity,domain,mail-intl-ja-mail-about.gq,Merged from event 14348,1,1604303305,,,,,
Network activity,domain,mail-nepalarmymil-np.gq,Merged from event 14348,1,1604303305,,,,,
Network activity,domain,mail-ntc-net-pk.tk,Merged from event 14348,1,1604303305,,,,,
Network activity,domain,mail-outlook-support-team.tk,Merged from event 14348,1,1604303305,,,,,
Network activity,domain,mail-paf-gov.cf,Merged from event 14348,1,1604303305,,,,,
Network activity,domain,mail-update-task.ga,Merged from event 14348,1,1604303305,,,,,
Network activity,domain,mail-yahoo-task.tk,Merged from event 14348,1,1604303305,,,,,
Network activity,domain,micorsoft-outlook-update.ml,Merged from event 14348,1,1604303305,,,,,
Network activity,domain,mofa-gov-mm.ml,Merged from event 14348,1,1604303305,,,,,
Network activity,domain,mofa-gov-pk.tk,Merged from event 14348,1,1604303305,,,,,
Network activity,domain,molaw-gov-pk.cf,Merged from event 14348,1,1604303305,,,,,
Network activity,domain,outlook-live-com.ga,Merged from event 14348,1,1604303305,,,,,
Network activity,domain,outlook-live-com.tk,Merged from event 14348,1,1604303305,,,,,
Network activity,domain,outlook-livecom.cf,Merged from event 14348,1,1604303305,,,,,
Network activity,domain,outlooklive-com.ml,Merged from event 14348,1,1604303305,,,,,
Network activity,domain,paec-gov-pk-taskmail.tk,Merged from event 14348,1,1604303305,,,,,
Network activity,domain,paec-gov-pk.ga,Merged from event 14348,1,1604303305,,,,,
Network activity,domain,paecweb-gov.gq,Merged from event 14348,1,1604303305,,,,,
Network activity,domain,paecwebmail.gq,Merged from event 14348,1,1604303305,,,,,
Network activity,domain,paf-gov-pk.cf,Merged from event 14348,1,1604303305,,,,,
Network activity,domain,paf-gov-pk.tk,Merged from event 14348,1,1604303305,,,,,
Network activity,domain,paknavy-pk.gq,Merged from event 14348,1,1604303305,,,,,
Network activity,domain,pmo-gov-pk.tk,Merged from event 14348,1,1604303305,,,,,
Network activity,domain,pnra-org.gq,Merged from event 14348,1,1604303305,,,,,
Network activity,domain,sco-gov-pk.tk,Merged from event 14348,1,1604303305,,,,,
Network activity,domain,slaf-gov-lk.ml,Merged from event 14348,1,1604303306,,,,,
Network activity,domain,super-net-pk.cf,Merged from event 14348,1,1604303306,,,,,
Network activity,domain,super-net-pk.tk,Merged from event 14348,1,1604303306,,,,,
Network activity,domain,test-updates.ga,Merged from event 14348,1,1604303306,,,,,
Network activity,domain,yahoo-com.ga,Merged from event 14348,1,1604303306,,,,,
Network activity,domain,yahoomail-com.cf,Merged from event 14348,1,1604303306,,,,,
Network activity,domain,yahoomail.cf,Merged from event 14348,1,1604303306,,,,,
Network activity,domain,officeupdater.org,,1,1604303867,,,,,
Network activity,domain,transportfun.pw,,1,1604304202,,,,,
Network activity,domain,data-backup.online,,1,1604307067,,"DONOT,APT-C-35,SectorE02",,,
Network activity,domain,servicejobs.life,,1,1604307067,,"DONOT,APT-C-35,SectorE02",,,
Network activity,domain,webchat.life,,1,1604314328,,,,,
Network activity,domain,unscart.in,,1,1604314855,,,,,
